ModelID,SangerModelID,COSMICID,CellLineName,OncotreeLineage,OncotreePrimaryDisease,OncotreeSubtype,CCLEName,selected_phenotype
ACH-000001,SIDM00105,905933.0,NIH:OVCAR-3,Ovary/Fallopian Tube,Ovarian Epithelial Tumor,High-Grade Serous Ovarian Cancer,NIHOVCAR3_OVARY,3.2242148
ACH-000002,SIDM00829,905938.0,HL-60,Myeloid,Acute Myeloid Leukemia,Acute Myeloid Leukemia,HL60_HAEMATOPOIETIC_AND_LYMPHOID_TISSUE,1.8525126
ACH-000004,SIDM00594,907053.0,HEL,Myeloid,Acute Myeloid Leukemia,Acute Myeloid Leukemia,HEL_HAEMATOPOIETIC_AND_LYMPHOID_TISSUE,1.825935
ACH-000006,SIDM01023,908148.0,MONO-MAC-6,Myeloid,Acute Myeloid Leukemia,Acute Monoblastic/Monocytic Leukemia,MONOMAC6_HAEMATOPOIETIC_AND_LYMPHOID_TISSUE,0.9725964
ACH-000007,SIDM00677,907795.0,LS513,Bowel,Colorectal Adenocarcinoma,Colon Adenocarcinoma,LS513_LARGE_INTESTINE,2.5431273
ACH-000008,SIDM00801,910921.0,A101D,Skin,Melanoma,Melanoma,A101D_SKIN,2.5804465
ACH-000009,SIDM01233,910700.0,C2BBe1,Bowel,Colorectal Adenocarcinoma,Colon Adenocarcinoma,C2BBE1_LARGE_INTESTINE,3.7683547
ACH-000012,SIDM01067,1240146.0,HCC-827,Lung,Non-Small Cell Lung Cancer,Lung Adenocarcinoma,HCC827_LUNG,3.569484
ACH-000015,SIDM00748,908471.0,NCI-H1581,Lung,Non-Small Cell Lung Cancer,Large Cell Lung Carcinoma,NCIH1581_LUNG,2.5329583
ACH-000018,SIDM01184,724812.0,T24,Bladder/Urinary Tract,Bladder Urothelial Carcinoma,Bladder Urothelial Carcinoma,T24_URINARY_TRACT,3.611656
ACH-000019,SIDM00148,905946.0,MCF7,Breast,Invasive Breast Carcinoma,Invasive Breast Carcinoma,MCF7_BREAST,3.4032683
ACH-000020,SIDM00331,908132.0,MHH-CALL-2,Lymphoid,B-Lymphoblastic Leukemia/Lymphoma,B-Lymphoblastic Leukemia/Lymphoma with Hypodiploidy,MHHCALL2_HAEMATOPOIETIC_AND_LYMPHOID_TISSUE,1.645199
ACH-000021,SIDM00742,687802.0,NCI-H1693,Lung,Non-Small Cell Lung Cancer,Lung Adenocarcinoma,NCIH1693_LUNG,4.454819
ACH-000023,SIDM00453,1240201.0,PA-TU-8988T,Pancreas,Pancreatic Adenocarcinoma,Pancreatic Adenocarcinoma,PATU8988T_PANCREAS,2.9718668
ACH-000024,SIDM00457,909249.0,OPM-2,Lymphoid,Mature B-Cell Neoplasms,Plasma Cell Myeloma,OPM2_HAEMATOPOIETIC_AND_LYMPHOID_TISSUE,1.7330923
ACH-000030,SIDM00237,753608.0,PC-14,Lung,Non-Small Cell Lung Cancer,Lung Adenocarcinoma,PC14_LUNG,2.923986
ACH-000035,SIDM00745,687800.0,NCI-H1650,Lung,Non-Small Cell Lung Cancer,Non-Small Cell Lung Cancer,NCIH1650_LUNG,4.4796386
ACH-000040,SIDM01193,687588.0,U-118 MG,CNS/Brain,Diffuse Glioma,Astrocytoma,U118MG_CENTRAL_NERVOUS_SYSTEM,3.6189842
ACH-000042,SIDM01139,1298475.0,Panc 02.03,Pancreas,Pancreatic Adenocarcinoma,Pancreatic Adenocarcinoma,PANC0203_PANCREAS,3.5138736
ACH-000045,SIDM00657,908156.0,MV4-11,Myeloid,Acute Myeloid Leukemia,Acute Myeloid Leukemia,MV411_HAEMATOPOIETIC_AND_LYMPHOID_TISSUE,0.23376743
ACH-000046,SIDM00123,905950.0,ACHN,Kidney,Renal Cell Carcinoma,Papillary Renal Cell Carcinoma,ACHN_KIDNEY,2.7737367
ACH-000048,SIDM01170,1299070.0,TOV-112D,Ovary/Fallopian Tube,Ovarian Epithelial Tumor,Endometrioid Ovarian Cancer,TOV112D_OVARY,2.4614236
ACH-000050,SIDM01148,724825.0,NCI-H929,Lymphoid,Mature B-Cell Neoplasms,Plasma Cell Myeloma,NCIH929_HAEMATOPOIETIC_AND_LYMPHOID_TISSUE,1.4247713
ACH-000052,SIDM00848,684052.0,A-673,Bone,Ewing Sarcoma,Ewing Sarcoma,A673_BONE,2.1111379
ACH-000053,SIDM01010,907273.0,KARPAS-299,Lymphoid,Mature T and NK Neoplasms,Anaplastic Large-Cell Lymphoma ALK Positive,KARPAS299_HAEMATOPOIETIC_AND_LYMPHOID_TISSUE,1.9206364
ACH-000054,SIDM00828,907064.0,HT-1080,Soft Tissue,Fibrosarcoma,Fibrosarcoma,HT1080_SOFT_TISSUE,3.508665
ACH-000055,SIDM00888,906834.0,D283 Med,CNS/Brain,Embryonal Tumor,Medulloblastoma,D283MED_CENTRAL_NERVOUS_SYSTEM,1.6537926
ACH-000056,SIDM00981,906842.0,DOHH-2,Lymphoid,Mature B-Cell Neoplasms,"Diffuse Large B-Cell Lymphoma, NOS",DOHH2_HAEMATOPOIETIC_AND_LYMPHOID_TISSUE,0.54950434
ACH-000058,SIDM00442,1240178.0,ML-1,Thyroid,Well-Differentiated Thyroid Cancer,Follicular Thyroid Cancer,ML1_THYROID,3.7540464
ACH-000059,SIDM01176,1247871.0,SUP-B15,Lymphoid,B-Lymphoblastic Leukemia/Lymphoma,B-Lymphoblastic Leukemia/Lymphoma with t(9;22)(q34.1;q11.2);BCR-ABL1,SUPB15_HAEMATOPOIETIC_AND_LYMPHOID_TISSUE,1.7045244
ACH-000060,SIDM01135,925348.0,Panc 10.05,Pancreas,Pancreatic Adenocarcinoma,Pancreatic Adenocarcinoma,PANC1005_PANCREAS,4.3876953
ACH-000061,SIDM00671,907056.0,HH,Lymphoid,Non-Hodgkin Lymphoma,Mature T and NK Neoplasms,HH_HAEMATOPOIETIC_AND_LYMPHOID_TISSUE,3.2929678
ACH-000062,SIDM00355,910931.0,RERF-LC-MS,Lung,Non-Small Cell Lung Cancer,Lung Adenocarcinoma,RERFLCMS_LUNG,1.90374
ACH-000065,SIDM00461,1330983.0,OCI-AML5,Myeloid,Acute Myeloid Leukemia,Acute Myeloid Leukemia,OCIAML5_HAEMATOPOIETIC_AND_LYMPHOID_TISSUE,2.072141
ACH-000067,SIDM00666,1240150.0,Hs 683,CNS/Brain,Diffuse Glioma,Oligodendroglioma,HS683_CENTRAL_NERVOUS_SYSTEM,2.5154734
ACH-000070,SIDM01076,906800.0,697,Lymphoid,B-Lymphoblastic Leukemia/Lymphoma,B-Lymphoblastic Leukemia/Lymphoma with t(1;19)(q23;p13.3);TCF3-PBX1,697_HAEMATOPOIETIC_AND_LYMPHOID_TISSUE,0.878287
ACH-000072,SIDM00526,908126.0,MEG-01,Myeloid,Myeloproliferative Neoplasms,"Chronic Myeloid Leukemia, BCR-ABL1+",MEG01_HAEMATOPOIETIC_AND_LYMPHOID_TISSUE,1.8569007
ACH-000073,SIDM01058,1303897.0,GRANTA-519,Lymphoid,Mature B-Cell Neoplasms,Mantle Cell Lymphoma,GRANTA519_HAEMATOPOIETIC_AND_LYMPHOID_TISSUE,3.2633498
ACH-000074,SIDM00308,907311.0,KU812,Myeloid,Myeloproliferative Neoplasms,"Chronic Myeloid Leukemia, BCR-ABL1+",KU812_HAEMATOPOIETIC_AND_LYMPHOID_TISSUE,1.32218
ACH-000075,SIDM01189,687590.0,U-87 MG,CNS/Brain,Diffuse Glioma,Glioblastoma,U87MG_CENTRAL_NERVOUS_SYSTEM,3.2905056
ACH-000078,SIDM00387,908135.0,MHH-NB-11,Peripheral Nervous System,Neuroblastoma,Neuroblastoma,MHHNB11_AUTONOMIC_GANGLIA,1.9763509
ACH-000081,SIDM01057,906870.0,GDM-1,Myeloid,Acute Myeloid Leukemia,Acute Myeloid Leukemia,GDM1_HAEMATOPOIETIC_AND_LYMPHOID_TISSUE,1.5575393
ACH-000082,SIDM00858,1290807.0,"G-292, clone A141B1",Bone,Osteosarcoma,Osteosarcoma,G292CLONEA141B1_BONE,3.7069218
ACH-000087,SIDM01111,684072.0,SK-ES-1,Bone,Ewing Sarcoma,Ewing Sarcoma,SKES1_BONE,1.8073468
ACH-000090,SIDM00088,905934.0,PC-3,Prostate,Prostate Adenocarcinoma,Prostate Adenocarcinoma,PC3_PROSTATE,4.0412426
ACH-000091,SIDM00475,1480362.0,OV56,Ovary/Fallopian Tube,Ovarian Epithelial Tumor,Serous Ovarian Cancer,OV56_OVARY,3.841212
ACH-000092,SIDM00722,908462.0,NCI-H2452,Pleura,Pleural Mesothelioma,"Pleural Mesothelioma, Biphasic Type",NCIH2452_PLEURA,3.058215
ACH-000094,SIDM00669,724869.0,HPAF-II,Pancreas,Pancreatic Adenocarcinoma,Pancreatic Adenocarcinoma,HPAFII_PANCREAS,3.6582067
ACH-000096,SIDM00856,907299.0,G-401,Kidney,Rhabdoid Cancer,Rhabdoid Cancer,G401_SOFT_TISSUE,2.0764897
ACH-000098,SIDM01055,906868.0,GAMG,CNS/Brain,Diffuse Glioma,Glioblastoma,GAMG_CENTRAL_NERVOUS_SYSTEM,2.9504087
ACH-000099,SIDM00395,753620.0,SIMA,Peripheral Nervous System,Neuroblastoma,Neuroblastoma,SIMA_AUTONOMIC_GANGLIA,2.421012
ACH-000100,SIDM00426,1240210.0,RH-41,Soft Tissue,Rhabdomyosarcoma,Alveolar Rhabdomyosarcoma,RH41_SOFT_TISSUE,1.8752627
ACH-000101,SIDM01003,907277.0,KE-37,Lymphoid,Mature T and NK Neoplasms,Adult T-Cell Leukemia/Lymphoma,KE37_HAEMATOPOIETIC_AND_LYMPHOID_TISSUE,1.1627449
ACH-000103,SIDM00918,949090.0,Caov-4,Ovary/Fallopian Tube,Ovarian Epithelial Tumor,High-Grade Serous Ovarian Cancer,CAOV4_OVARY,2.930106
ACH-000104,SIDM00342,907789.0,Loucy,Lymphoid,T-Lymphoblastic Leukemia/Lymphoma,Early T-Cell Precursor Lymphoblastic Leukemia,LOUCY_HAEMATOPOIETIC_AND_LYMPHOID_TISSUE,1.702315
ACH-000105,SIDM00994,1295740.0,ALL-SIL,Lymphoid,Mature T and NK Neoplasms,Adult T-Cell Leukemia/Lymphoma,ALLSIL_HAEMATOPOIETIC_AND_LYMPHOID_TISSUE,1.6388578
ACH-000106,SIDM01013,907269.0,JVM-2,Lymphoid,Mature B-Cell Neoplasms,Mantle Cell Lymphoma,JVM2_HAEMATOPOIETIC_AND_LYMPHOID_TISSUE,1.4095631
ACH-000107,SIDM00943,910915.0,Capan-2,Pancreas,Pancreatic Adenocarcinoma,Pancreatic Adenocarcinoma,CAPAN2_PANCREAS,4.0845795
ACH-000108,SIDM00571,1298219.0,KP-3,Pancreas,Adenosquamous Carcinoma of the Pancreas,Adenosquamous Carcinoma of the Pancreas,KP3_PANCREAS,3.6644845
ACH-000109,SIDM00046,,NCI-H3255,Lung,Non-Small Cell Lung Cancer,Lung Adenocarcinoma,NCIH3255_LUNG,3.6934574
ACH-000111,SIDM00885,749711.0,HCC1187,Breast,Invasive Breast Carcinoma,Breast Invasive Ductal Carcinoma,HCC1187_BREAST,3.055585
ACH-000112,SIDM00396,909715.0,SIG-M5,Myeloid,Acute Myeloid Leukemia,Acute Monoblastic/Monocytic Leukemia,SIGM5_HAEMATOPOIETIC_AND_LYMPHOID_TISSUE,1.167681
ACH-000113,SIDM00446,910947.0,OCI-AML2,Myeloid,Acute Myeloid Leukemia,Acute Myeloid Leukemia,OCIAML2_HAEMATOPOIETIC_AND_LYMPHOID_TISSUE,1.0780647
ACH-000114,SIDM01188,1240218.0,SU.86.86,Pancreas,Pancreatic Adenocarcinoma,Pancreatic Adenocarcinoma,SU8686_PANCREAS,4.461085
ACH-000115,SIDM01077,1299075.0,VCaP,Prostate,Prostate Adenocarcinoma,Prostate Adenocarcinoma,VCAP_PROSTATE,3.2100742
ACH-000116,SIDM00481,946360.0,OAW28,Ovary/Fallopian Tube,Ovarian Epithelial Tumor,High-Grade Serous Ovarian Cancer,OAW28_OVARY,3.5795069
ACH-000117,SIDM01002,1290798.0,EFM-192A,Breast,Invasive Breast Carcinoma,Invasive Breast Carcinoma,EFM192A_BREAST,3.6708744
ACH-000118,SIDM00533,907285.0,HUP-T3,Pancreas,Pancreatic Adenocarcinoma,Pancreatic Adenocarcinoma,HUPT3_PANCREAS,4.0401177
ACH-000120,SIDM00910,906820.0,CHP-212,Peripheral Nervous System,Neuroblastoma,Neuroblastoma,CHP212_AUTONOMIC_GANGLIA,2.0658436
ACH-000121,SIDM00724,687821.0,NCI-H2405,Lung,Non-Small Cell Lung Cancer,Lung Adenocarcinoma,NCIH2405_LUNG,5.3293247
ACH-000124,SIDM00460,1330984.0,OCI-LY-19,Lymphoid,Mature B-Cell Neoplasms,"Diffuse Large B-Cell Lymphoma, NOS",OCILY19_HAEMATOPOIETIC_AND_LYMPHOID_TISSUE,1.2546581
ACH-000129,SIDM00646,1330964.0,NCI-H1341,Lung,SMARCA4-deficient undifferentiated tumor,SMARCA4-deficient undifferentiated tumor,NCIH1341_LUNG,2.660282
ACH-000132,SIDM00305,1479995.0,JHOS-2,Ovary/Fallopian Tube,Ovarian Epithelial Tumor,High-Grade Serous Ovarian Cancer,JHOS2_OVARY,2.680971
ACH-000135,SIDM00662,1298145.0,Hs 940.T,Fibroblast,Non-Cancerous,"Fibroblast, Skin",HS940T_FIBROBLAST,2.7100024
ACH-000136,SIDM00286,910567.0,CHP-126,Peripheral Nervous System,Neuroblastoma,Neuroblastoma,CHP126_AUTONOMIC_GANGLIA,2.3197947
ACH-000137,SIDM00998,687562.0,8-MG-BA,CNS/Brain,Diffuse Glioma,Glioblastoma,8MGBA_CENTRAL_NERVOUS_SYSTEM,2.3140178
ACH-000138,SIDM00130,906821.0,CFPAC-1,Pancreas,Pancreatic Adenocarcinoma,Pancreatic Adenocarcinoma,CFPAC1_PANCREAS,3.3806958
ACH-000139,SIDM01138,925346.0,Panc 03.27,Pancreas,Pancreatic Adenocarcinoma,Pancreatic Adenocarcinoma,PANC0327_PANCREAS,3.0318766
ACH-000142,SIDM00936,1290730.0,CAL-29,Bladder/Urinary Tract,Bladder Urothelial Carcinoma,Bladder Urothelial Carcinoma,CAL29_URINARY_TRACT,2.6704123
ACH-000144,SIDM00358,1240209.0,RERF-GC-1B,Esophagus/Stomach,Esophagogastric Adenocarcinoma,Stomach Adenocarcinoma,RERFGC1B_STOMACH,2.818009
ACH-000145,SIDM01109,909720.0,SK-LMS-1,Soft Tissue,Leiomyosarcoma,Leiomyosarcoma,SKLMS1_SOFT_TISSUE,2.9494047
ACH-000146,SIDM01172,909771.0,THP-1,Myeloid,Acute Myeloid Leukemia,Acute Myeloid Leukemia,THP1_HAEMATOPOIETIC_AND_LYMPHOID_TISSUE,2.0261085
ACH-000147,SIDM00097,905945.0,T-47D,Breast,Invasive Breast Carcinoma,Breast Invasive Ductal Carcinoma,T47D_BREAST,3.0336707
ACH-000148,SIDM00135,905957.0,Hs 578T,Breast,Invasive Breast Carcinoma,"Breast Invasive Carcinoma, NOS",HS578T_BREAST,2.5094619
ACH-000149,SIDM01098,717431.0,SK-N-SH,Peripheral Nervous System,Neuroblastoma,Neuroblastoma,SKNSH_AUTONOMIC_GANGLIA,2.5030954
ACH-000151,SIDM00689,1327768.0,JM1,Lymphoid,B-Lymphoblastic Leukemia/Lymphoma,B-Lymphoblastic Leukemia/Lymphoma,JM1_HAEMATOPOIETIC_AND_LYMPHOID_TISSUE,1.6830717
ACH-000153,SIDM00713,688058.0,NCI-H2052,Pleura,Pleural Mesothelioma,"Pleural Mesothelioma, Sarcomatoid Type",NCIH2052_PLEURA,3.7579918
ACH-000155,SIDM01165,910907.0,SW 1990,Pancreas,Pancreatic Adenocarcinoma,Pancreatic Adenocarcinoma,SW1990_PANCREAS,3.872195
ACH-000156,SIDM00376,908133.0,MHH-CALL-4,Lymphoid,B-Lymphoblastic Leukemia/Lymphoma,"B-Lymphoblastic Leukemia/Lymphoma, BCR-ABL1 Like",MHHCALL4_HAEMATOPOIETIC_AND_LYMPHOID_TISSUE,1.5712678
ACH-000157,SIDM00502,910934.0,A4/Fuk,Lymphoid,Mature B-Cell Neoplasms,"Diffuse Large B-Cell Lymphoma, NOS",A4FUK_HAEMATOPOIETIC_AND_LYMPHOID_TISSUE,1.2655678
ACH-000159,SIDM00239,909250.0,OS-RC-2,Kidney,Renal Cell Carcinoma,Renal Clear Cell Carcinoma,OSRC2_KIDNEY,3.9427211
ACH-000161,SIDM00513,906805.0,COR-L105,Lung,Non-Small Cell Lung Cancer,Lung Adenocarcinoma,CORL105_LUNG,3.371647
ACH-000162,SIDM00854,1303896.0,GA-10,Lymphoid,Mature B-Cell Neoplasms,Burkitt Lymphoma,GA10_HAEMATOPOIETIC_AND_LYMPHOID_TISSUE,1.4880292
ACH-000168,SIDM00580,908451.0,NOMO-1,Myeloid,Acute Myeloid Leukemia,Acute Monoblastic/Monocytic Leukemia,NOMO1_HAEMATOPOIETIC_AND_LYMPHOID_TISSUE,2.0551555
ACH-000169,SIDM00847,909264.0,RD,Soft Tissue,Rhabdomyosarcoma,Embryonal Rhabdomyosarcoma,RD_SOFT_TISSUE,3.2845163
ACH-000171,SIDM00317,909781.0,VMRC-RCZ,Kidney,Renal Cell Carcinoma,Renal Cell Carcinoma,VMRCRCZ_KIDNEY,5.53262
ACH-000174,SIDM00931,906828.0,CAL-62,Thyroid,Anaplastic Thyroid Cancer,Anaplastic Thyroid Cancer,CAL62_THYROID,2.790964
ACH-000176,SIDM00341,1298226.0,LOU-NH91,Lung,Non-Small Cell Lung Cancer,Lung Squamous Cell Carcinoma,LOUNH91_LUNG,3.10509
ACH-000177,SIDM01123,1330975.0,NCI-H660,Prostate,Prostate Small Cell Carcinoma,Prostate Small Cell Carcinoma,NCIH660_PROSTATE,3.6391494
ACH-000178,SIDM00664,1298141.0,Hs 766T,Pancreas,Pancreatic Adenocarcinoma,Pancreatic Adenocarcinoma,HS766T_PANCREAS,4.1663613
ACH-000181,SIDM01080,909709.0,SCC-9,Head and Neck,Head and Neck Squamous Cell Carcinoma,Oral Cavity Squamous Cell Carcinoma,SCC9_UPPER_AERODIGESTIVE_TRACT,3.1560512
ACH-000183,SIDM00312,924239.0,L-363,Lymphoid,Mature B-Cell Neoplasms,Plasma Cell Myeloma,L363_HAEMATOPOIETIC_AND_LYMPHOID_TISSUE,1.9250244
ACH-000186,SIDM00723,1298356.0,NCI-H2444,Lung,Non-Small Cell Lung Cancer,Non-Small Cell Lung Cancer,NCIH2444_LUNG,4.883173
ACH-000187,SIDM00509,687980.0,COR-L311,Lung,Lung Neuroendocrine Tumor,Small Cell Lung Cancer,CORL311_LUNG,2.3695467
ACH-000188,SIDM01082,910701.0,SCC-25,Head and Neck,Head and Neck Squamous Cell Carcinoma,Oral Cavity Squamous Cell Carcinoma,SCC25_UPPER_AERODIGESTIVE_TRACT,3.593247
ACH-000189,SIDM00235,909974.0,RCC10RGB,Kidney,Renal Cell Carcinoma,Renal Cell Carcinoma,RCC10RGB_KIDNEY,4.208495
ACH-000191,SIDM00987,906696.0,BHT-101,Thyroid,Anaplastic Thyroid Cancer,Anaplastic Thyroid Cancer,BHT101_THYROID,2.6581025
ACH-000192,SIDM00335,908129.0,MFE-280,Uterus,Endometrial Carcinoma,Endometrial Carcinoma,MFE280_ENDOMETRIUM,3.5293214
ACH-000193,SIDM01006,1327775.0,KARPAS-620,Lymphoid,Mature B-Cell Neoplasms,Plasma Cell Myeloma,KARPAS620_HAEMATOPOIETIC_AND_LYMPHOID_TISSUE,2.202153
ACH-000196,SIDM00877,749713.0,HCC1599,Breast,Invasive Breast Carcinoma,Breast Invasive Ductal Carcinoma,HCC1599_BREAST,2.9246387
ACH-000197,SIDM00370,909762.0,TALL-1,Lymphoid,Mature T and NK Neoplasms,Adult T-Cell Leukemia/Lymphoma,TALL1_HAEMATOPOIETIC_AND_LYMPHOID_TISSUE,0.94383645
ACH-000198,SIDM00277,906856.0,EOL-1,Myeloid,Myeloproliferative Neoplasms,"Chronic Eosinophilic Leukemia, NOS",EOL1_HAEMATOPOIETIC_AND_LYMPHOID_TISSUE,0.6004586
ACH-000200,SIDM00575,908449.0,NMC-G1,CNS/Brain,Diffuse Glioma,Glioblastoma,NMCG1_CENTRAL_NERVOUS_SYSTEM,5.775901
ACH-000201,SIDM00798,910784.0,A-204,Kidney,Rhabdoid Cancer,Rhabdoid Cancer,A204_SOFT_TISSUE,3.0850637
ACH-000204,SIDM00340,907791.0,LP-1,Lymphoid,Mature B-Cell Neoplasms,Plasma Cell Myeloma,LP1_HAEMATOPOIETIC_AND_LYMPHOID_TISSUE,2.9383874
ACH-000207,SIDM00831,906837.0,Detroit 562,Head and Neck,Head and Neck Squamous Cell Carcinoma,Oropharynx Squamous Cell Carcinoma,DETROIT562_UPPER_AERODIGESTIVE_TRACT,2.189583
ACH-000210,SIDM00961,753539.0,CADO-ES1,Bone,Ewing Sarcoma,Ewing Sarcoma,CADOES1_BONE,2.5069046
ACH-000211,SIDM00887,906833.0,Daoy,CNS/Brain,Embryonal Tumor,Medulloblastoma,DAOY_CENTRAL_NERVOUS_SYSTEM,2.466358
ACH-000212,SIDM00940,906826.0,CAL-120,Breast,Invasive Breast Carcinoma,Invasive Breast Carcinoma,CAL120_BREAST,4.400767
ACH-000213,SIDM00531,907286.0,HUP-T4,Pancreas,Pancreatic Adenocarcinoma,Pancreatic Adenocarcinoma,HUPT4_PANCREAS,3.48379
ACH-000217,SIDM00615,1240159.0,JHH-6,Liver,Hepatocellular Carcinoma,Hepatocellular Carcinoma,JHH6_LIVER,3.8148553
ACH-000218,SIDM00450,1330991.0,PL-21,Myeloid,Acute Myeloid Leukemia,Acute Myeloid Leukemia,PL21_HAEMATOPOIETIC_AND_LYMPHOID_TISSUE,1.6410326
ACH-000219,SIDM00795,906793.0,A-375,Skin,Melanoma,Melanoma,A375_SKIN,2.5471554
ACH-000221,SIDM01181,1240217.0,SNU-398,Liver,Hepatocellular Carcinoma,Hepatocellular Carcinoma,SNU398_LIVER,2.4882271
ACH-000222,SIDM00899,910702.0,AsPC-1,Pancreas,Pancreatic Adenocarcinoma,Pancreatic Adenocarcinoma,ASPC1_PANCREAS,6.170135
ACH-000223,SIDM00874,749714.0,HCC1937,Breast,Invasive Breast Carcinoma,Breast Invasive Ductal Carcinoma,HCC1937_BREAST,3.9173265
ACH-000225,SIDM00279,906849.0,ECC12,Esophagus/Stomach,Esophagogastric Adenocarcinoma,Small Cell Carcinoma of the Stomach,ECC12_STOMACH,2.8508615
ACH-000226,SIDM00421,1331040.0,SUP-M2,Lymphoid,Mature T and NK Neoplasms,Anaplastic Large-Cell Lymphoma ALK Positive,SUPM2_HAEMATOPOIETIC_AND_LYMPHOID_TISSUE,1.1267549
ACH-000227,SIDM00556,907314.0,KP-N-YN,Peripheral Nervous System,Neuroblastoma,Neuroblastoma,KPNYN_AUTONOMIC_GANGLIA,3.3388124
ACH-000228,SIDM00078,1290725.0,BICR 31,Head and Neck,Head and Neck Squamous Cell Carcinoma,Oral Cavity Squamous Cell Carcinoma,BICR31_UPPER_AERODIGESTIVE_TRACT,2.5075493
ACH-000231,SIDM00613,907271.0,KALS-1,CNS/Brain,Diffuse Glioma,Glioblastoma,KALS1_CENTRAL_NERVOUS_SYSTEM,3.4086676
ACH-000232,SIDM00111,905983.0,U-251 MG,CNS/Brain,Diffuse Glioma,Astrocytoma,U251MG_CENTRAL_NERVOUS_SYSTEM,3.4188232
ACH-000233,SIDM00949,906836.0,DEL,Lymphoid,Mature T and NK Neoplasms,Anaplastic Large-Cell Lymphoma ALK Positive,DEL_HAEMATOPOIETIC_AND_LYMPHOID_TISSUE,0.9624503
ACH-000235,SIDM01137,1298476.0,Panc 04.03,Pancreas,Pancreatic Adenocarcinoma,Pancreatic Adenocarcinoma,PANC0403_PANCREAS,5.2421045
ACH-000236,SIDM00812,909747.0,SW1417,Bowel,Colorectal Adenocarcinoma,Colon Adenocarcinoma,SW1417_LARGE_INTESTINE,4.803703
ACH-000238,SIDM01081,910904.0,SCC-4,Head and Neck,Head and Neck Squamous Cell Carcinoma,Oral Cavity Squamous Cell Carcinoma,SCC4_UPPER_AERODIGESTIVE_TRACT,3.2633584
ACH-000242,SIDM01085,687455.0,RT4,Bladder/Urinary Tract,Bladder Urothelial Carcinoma,Bladder Urothelial Carcinoma,RT4_URINARY_TRACT,2.900992
ACH-000243,SIDM00950,1290797.0,DAN-G,Pancreas,Pancreatic Adenocarcinoma,Pancreatic Adenocarcinoma,DANG_PANCREAS,2.8357992
ACH-000244,SIDM00947,906839.0,DK-MG,CNS/Brain,Diffuse Glioma,Glioblastoma,DKMG_CENTRAL_NERVOUS_SYSTEM,3.5064833
ACH-000245,SIDM00985,910706.0,BL-41,Lymphoid,Mature B-Cell Neoplasms,Burkitt Lymphoma,BL41_HAEMATOPOIETIC_AND_LYMPHOID_TISSUE,1.2254956
ACH-000247,SIDM00568,1298358.0,OCUM-1,Esophagus/Stomach,Esophagogastric Adenocarcinoma,Diffuse Type Stomach Adenocarcinoma,OCUM1_STOMACH,3.3684142
ACH-000248,SIDM00898,910704.0,AU565,Breast,Invasive Breast Carcinoma,Invasive Breast Carcinoma,AU565_BREAST,2.5177
ACH-000249,SIDM00944,1290769.0,CL-11,Bowel,Colorectal Adenocarcinoma,Colon Adenocarcinoma,CL11_LARGE_INTESTINE,3.76772
ACH-000250,SIDM00609,1298169.0,KMRC-20,Kidney,Renal Cell Carcinoma,Renal Clear Cell Carcinoma,KMRC20_KIDNEY,3.2307096
ACH-000252,SIDM00681,917486.0,LS1034,Bowel,Colorectal Adenocarcinoma,Colon Adenocarcinoma,LS1034_LARGE_INTESTINE,3.544716
ACH-000254,SIDM01083,910911.0,SCC-15,Head and Neck,Head and Neck Squamous Cell Carcinoma,Oral Cavity Squamous Cell Carcinoma,SCC15_UPPER_AERODIGESTIVE_TRACT,3.344501
ACH-000257,SIDM00511,910937.0,COR-L279,Lung,Lung Neuroendocrine Tumor,Small Cell Lung Cancer,CORL279_LUNG,1.9818292
ACH-000258,SIDM01001,906844.0,Du4475,Breast,Invasive Breast Carcinoma,Invasive Breast Carcinoma,DU4475_BREAST,1.4114882
ACH-000259,SIDM01009,753618.0,KELLY,Peripheral Nervous System,Neuroblastoma,Neuroblastoma,KELLY_AUTONOMIC_GANGLIA,1.8042647
ACH-000260,SIDM01101,724828.0,SK-N-AS,Peripheral Nervous System,Neuroblastoma,Neuroblastoma,SKNAS_AUTONOMIC_GANGLIA,3.2052817
ACH-000263,SIDM01005,907275.0,KASUMI-1,Myeloid,Acute Myeloid Leukemia,Acute Myeloid Leukemia,KASUMI1_HAEMATOPOIETIC_AND_LYMPHOID_TISSUE,0.8665465
ACH-000264,SIDM00921,724859.0,Calu-6,Lung,Non-Small Cell Lung Cancer,Lung Adenocarcinoma,CALU6_LUNG,3.2986252
ACH-000265,SIDM00301,753572.0,KP-4,Pancreas,Pancreatic Adenocarcinoma,Pancreatic Adenocarcinoma,KP4_PANCREAS,2.6065361
ACH-000267,SIDM01064,924110.0,HDLM-2,Lymphoid,Hodgkin Lymphoma,Hodgkin Lymphoma,HDLM2_HAEMATOPOIETIC_AND_LYMPHOID_TISSUE,2.7522912
ACH-000269,SIDM00492,910933.0,AM-38,CNS/Brain,Diffuse Glioma,Glioblastoma,AM38_CENTRAL_NERVOUS_SYSTEM,2.7695713
ACH-000270,SIDM00670,1298136.0,HPAC,Pancreas,Pancreatic Adenocarcinoma,Pancreatic Adenocarcinoma,HPAC_PANCREAS,3.9705486
ACH-000271,SIDM00389,1331033.0,SU-DHL-10,Lymphoid,Mature B-Cell Neoplasms,"Diffuse Large B-Cell Lymphoma, NOS",SUDHL10_HAEMATOPOIETIC_AND_LYMPHOID_TISSUE,1.3564651
ACH-000273,SIDM00083,905984.0,SF539,CNS/Brain,Diffuse Glioma,Gliosarcoma,SF539_CENTRAL_NERVOUS_SYSTEM,2.179352
ACH-000276,SIDM00675,749717.0,HCC38,Breast,Invasive Breast Carcinoma,Breast Invasive Ductal Carcinoma,HCC38_BREAST,3.6393611
ACH-000277,SIDM00882,907045.0,HCC1419,Breast,Invasive Breast Carcinoma,Breast Invasive Ductal Carcinoma,HCC1419_BREAST,3.4958038
ACH-000281,SIDM00582,1298218.0,KP-2,Pancreas,Pancreatic Adenocarcinoma,Pancreatic Adenocarcinoma,KP2_PANCREAS,4.1614265
ACH-000287,SIDM00443,1330982.0,NU-DUL-1,Lymphoid,Mature B-Cell Neoplasms,Activated B-cell Type,NUDUL1_HAEMATOPOIETIC_AND_LYMPHOID_TISSUE,0.9659542
ACH-000288,SIDM00122,905951.0,BT-549,Breast,Invasive Breast Carcinoma,"Breast Invasive Carcinoma, NOS",BT549_BREAST,3.3885176
ACH-000290,SIDM00706,688013.0,NCI-H209,Lung,Lung Neuroendocrine Tumor,Small Cell Lung Cancer,NCIH209_LUNG,2.0965514
ACH-000291,SIDM01141,1240197.0,OV-90,Ovary/Fallopian Tube,Ovarian Epithelial Tumor,Serous Ovarian Cancer,OV90_OVARY,4.036783
ACH-000292,SIDM01134,1240192.0,NCI-H841,Lung,SMARCA4-deficient undifferentiated tumor,SMARCA4-deficient undifferentiated tumor,NCIH841_LUNG,3.0542002
ACH-000293,SIDM00686,924187.0,KLE,Uterus,Endometrial Carcinoma,Endometrial Carcinoma,KLE_ENDOMETRIUM,4.2717414
ACH-000294,SIDM00428,1323913.0,NB-4,Myeloid,Acute Myeloid Leukemia,Acute Myeloid Leukemia,NB4_HAEMATOPOIETIC_AND_LYMPHOID_TISSUE,0.49182874
ACH-000295,SIDM01047,906855.0,EM-2,Myeloid,Myeloproliferative Neoplasms,"Chronic Myeloid Leukemia, BCR-ABL1+",EM2_HAEMATOPOIETIC_AND_LYMPHOID_TISSUE,1.8091202
ACH-000298,SIDM00735,688011.0,NCI-H2029,Lung,Lung Neuroendocrine Tumor,Small Cell Lung Cancer,NCIH2029_LUNG,3.3110313
ACH-000301,SIDM00346,907783.0,LAMA-84,Myeloid,Myeloproliferative Neoplasms,"Chronic Myeloid Leukemia, BCR-ABL1+",LAMA84_HAEMATOPOIETIC_AND_LYMPHOID_TISSUE,1.3826417
ACH-000303,SIDM01144,908445.0,SNU-5,Esophagus/Stomach,Esophagogastric Adenocarcinoma,Stomach Adenocarcinoma,SNU5_STOMACH,2.4896352
ACH-000304,SIDM01000,909784.0,WM-115,Skin,Melanoma,Melanoma,WM115_SKIN,3.5194914
ACH-000305,SIDM00278,753555.0,EC-GI-10,Esophagus/Stomach,Esophageal Squamous Cell Carcinoma,Esophageal Squamous Cell Carcinoma,ECGI10_OESOPHAGUS,2.3099968
ACH-000308,SIDM01052,911905.0,EFO-21,Ovary/Fallopian Tube,Ovarian Epithelial Tumor,Serous Ovarian Cancer,EFO21_OVARY,4.803641
ACH-000311,SIDM00702,722046.0,NCI-H2122,Lung,Non-Small Cell Lung Cancer,Lung Adenocarcinoma,NCIH2122_LUNG,1.6946265
ACH-000315,SIDM01008,907274.0,KARPAS-422,Lymphoid,Mature B-Cell Neoplasms,"Diffuse Large B-Cell Lymphoma, NOS",KARPAS422_HAEMATOPOIETIC_AND_LYMPHOID_TISSUE,2.3105264
ACH-000318,SIDM00349,753622.0,TE-10,Esophagus/Stomach,Esophageal Squamous Cell Carcinoma,Esophageal Squamous Cell Carcinoma,TE10_OESOPHAGUS,2.5854757
ACH-000319,SIDM00222,908150.0,MPP 89,Pleura,Pleural Mesothelioma,"Pleural Mesothelioma, Epithelioid Type",MPP89_PLEURA,3.1372612
ACH-000320,SIDM00469,910546.0,PSN1,Pancreas,Pancreatic Adenocarcinoma,Pancreatic Adenocarcinoma,PSN1_PANCREAS,3.1487935
ACH-000322,SIDM00695,907067.0,HT-144,Skin,Melanoma,Melanoma,HT144_SKIN,2.5306613
ACH-000323,SIDM00982,687561.0,42-MG-BA,CNS/Brain,Diffuse Glioma,Glioblastoma,42MGBA_CENTRAL_NERVOUS_SYSTEM,2.4971948
ACH-000326,SIDM01015,1327771.0,JURL-MK1,Myeloid,Myeloproliferative Neoplasms,"Chronic Myeloid Leukemia, BCR-ABL1+",JURLMK1_HAEMATOPOIETIC_AND_LYMPHOID_TISSUE,1.2864984
ACH-000330,SIDM01056,906851.0,EFM-19,Breast,Invasive Breast Carcinoma,Breast Invasive Ductal Carcinoma,EFM19_BREAST,3.2027173
ACH-000332,SIDM00411,909904.0,YAPC,Pancreas,Pancreatic Adenocarcinoma,Pancreatic Adenocarcinoma,YAPC_PANCREAS,4.5165033
ACH-000334,SIDM00886,906832.0,DB,Lymphoid,Mature B-Cell Neoplasms,"Diffuse Large B-Cell Lymphoma, NOS",DB_HAEMATOPOIETIC_AND_LYMPHOID_TISSUE,2.040405
ACH-000335,SIDM00640,908152.0,MSTO-211H,Pleura,Pleural Mesothelioma,"Pleural Mesothelioma, Biphasic Type",MSTO211H_PLEURA,3.0984616
ACH-000336,SIDM00462,1290455.0,OCI-AML3,Myeloid,Acute Myeloid Leukemia,Acute Myeloid Leukemia,OCIAML3_HAEMATOPOIETIC_AND_LYMPHOID_TISSUE,1.4040992
ACH-000337,SIDM00137,1240190.0,NCI-H3122,Lung,Non-Small Cell Lung Cancer,Lung Adenocarcinoma,NCIH3122_LUNG,3.0393145
ACH-000338,SIDM00096,905965.0,SR-786,Lymphoid,Mature T and NK Neoplasms,Anaplastic Large-Cell Lymphoma ALK Positive,SR786_HAEMATOPOIETIC_AND_LYMPHOID_TISSUE,0.9893648
ACH-000341,SIDM01099,688087.0,SK-N-FI,Peripheral Nervous System,Neuroblastoma,Neuroblastoma,SKNFI_AUTONOMIC_GANGLIA,2.936894
ACH-000343,SIDM00116,905944.0,NCI-H522,Lung,Non-Small Cell Lung Cancer,Lung Adenocarcinoma,NCIH522_LUNG,3.2264793
ACH-000345,SIDM00557,924189.0,KP-N-RT-BM-1,Peripheral Nervous System,Neuroblastoma,Neuroblastoma,KPNRTBM1_AUTONOMIC_GANGLIA,2.550691
ACH-000346,SIDM01012,907270.0,JVM-3,Lymphoid,Mature B-Cell Neoplasms,B-Cell Prolymphocytic Leukemia,JVM3_HAEMATOPOIETIC_AND_LYMPHOID_TISSUE,1.1195049
ACH-000347,SIDM00360,1298534.0,QGP-1,Pancreas,Pancreatic Neuroendocrine Tumor,Pancreatic Neuroendocrine Tumor,QGP1_PANCREAS,3.8395076
ACH-000348,SIDM01087,910903.0,RPMI-7951,Skin,Melanoma,Melanoma,RPMI7951_SKIN,2.117862
ACH-000349,SIDM00879,1303900.0,HCC1500,Breast,Breast Ductal Carcinoma In Situ,Breast Ductal Carcinoma In Situ,HCC1500_BREAST,3.2910788
ACH-000350,SIDM00957,910689.0,COLO-678,Bowel,Colorectal Adenocarcinoma,Colon Adenocarcinoma,COLO678_LARGE_INTESTINE,5.657405
ACH-000351,SIDM00271,908138.0,MKN1,Esophagus/Stomach,Esophagogastric Adenocarcinoma,Adenosquamous Carcinoma of the Stomach,MKN1_STOMACH,3.073116
ACH-000352,SIDM00881,1290905.0,HCC1428,Breast,Invasive Breast Carcinoma,Invasive Breast Carcinoma,HCC1428_BREAST,4.627977
ACH-000353,SIDM00249,753614.0,TE-15,Esophagus/Stomach,Esophageal Squamous Cell Carcinoma,Esophageal Squamous Cell Carcinoma,TE15_OESOPHAGUS,2.6967688
ACH-000354,SIDM00934,753624.0,Capan-1,Pancreas,Pancreatic Adenocarcinoma,Pancreatic Adenocarcinoma,CAPAN1_PANCREAS,3.4157522
ACH-000355,SIDM01131,688031.0,NCI-H82,Lung,Lung Neuroendocrine Tumor,Small Cell Lung Cancer,NCIH82_LUNG,1.9873464
ACH-000356,SIDM00247,925340.0,MKN-45,Esophagus/Stomach,Esophagogastric Adenocarcinoma,Diffuse Type Stomach Adenocarcinoma,MKN45_STOMACH,3.119058
ACH-000357,SIDM01038,1327765.0,JeKo-1,Lymphoid,Mature B-Cell Neoplasms,Mantle Cell Lymphoma,JEKO1_HAEMATOPOIETIC_AND_LYMPHOID_TISSUE,1.4041934
ACH-000358,SIDM01121,688027.0,NCI-H69,Lung,Lung Neuroendocrine Tumor,Small Cell Lung Cancer,NCIH69_LUNG,2.4738874
ACH-000359,SIDM00525,908131.0,MG-63,Bone,Osteosarcoma,Osteosarcoma,MG63_BONE,2.9570143
ACH-000360,SIDM00777,908442.0,NCI-H508,Bowel,Colorectal Adenocarcinoma,Colon Adenocarcinoma,NCIH508_LARGE_INTESTINE,2.193245
ACH-000361,SIDM01110,909719.0,SK-HEP-1,Liver,Hepatocellular Carcinoma,Hepatocellular Carcinoma,SKHEP1_LIVER,3.081722
ACH-000362,SIDM00437,1330947.0,MOLM-13,Myeloid,Acute Myeloid Leukemia,Acute Myeloid Leukemia,MOLM13_HAEMATOPOIETIC_AND_LYMPHOID_TISSUE,0.39219996
ACH-000363,SIDM00391,753612.0,SK-MM-2,Lymphoid,Mature B-Cell Neoplasms,Plasma Cell Myeloma,SKMM2_HAEMATOPOIETIC_AND_LYMPHOID_TISSUE,3.12244
ACH-000364,SIDM01191,909776.0,U-2 OS,Bone,Osteosarcoma,Osteosarcoma,U2OS_BONE,3.3703082
ACH-000365,SIDM00405,1331035.0,SU-DHL-4,Lymphoid,Mature B-Cell Neoplasms,"Diffuse Large B-Cell Lymphoma, NOS",SUDHL4_HAEMATOPOIETIC_AND_LYMPHOID_TISSUE,1.4442251
ACH-000366,SIDM01100,688086.0,SK-N-DZ,Peripheral Nervous System,Neuroblastoma,Neuroblastoma,SKNDZ_AUTONOMIC_GANGLIA,2.2885702
ACH-000367,SIDM00139,905941.0,NCI-H226,Pleura,Pleural Mesothelioma,"Pleural Mesothelioma, Epithelioid Type",NCIH226_LUNG,5.307707
ACH-000369,SIDM00435,1330948.0,MOLM-16,Myeloid,Acute Myeloid Leukemia,Acute Myeloid Leukemia,MOLM16_HAEMATOPOIETIC_AND_LYMPHOID_TISSUE,1.1859163
ACH-000371,SIDM01089,910861.0,RL,Lymphoid,Mature B-Cell Neoplasms,"Diffuse Large B-Cell Lymphoma, NOS",RL_HAEMATOPOIETIC_AND_LYMPHOID_TISSUE,1.5631758
ACH-000372,SIDM00463,909251.0,P12-ICHIKAWA,Lymphoid,T-Lymphoblastic Leukemia/Lymphoma,T-Lymphoblastic Leukemia/Lymphoma,P12ICHIKAWA_HAEMATOPOIETIC_AND_LYMPHOID_TISSUE,1.2832738
ACH-000373,SIDM00380,909722.0,SKM-1,Myeloid,Acute Myeloid Leukemia,Acute Myeloid Leukemia,SKM1_HAEMATOPOIETIC_AND_LYMPHOID_TISSUE,1.3184894
ACH-000374,SIDM00866,749710.0,HCC1143,Breast,Invasive Breast Carcinoma,Breast Invasive Ductal Carcinoma,HCC1143_BREAST,3.5292065
ACH-000375,SIDM00855,907298.0,G-402,Kidney,Renal Cell Carcinoma,Renal Cell Carcinoma,G402_SOFT_TISSUE,2.3118353
ACH-000376,SIDM00084,905985.0,SF-295,CNS/Brain,Diffuse Glioma,Glioblastoma,SF295_CENTRAL_NERVOUS_SYSTEM,2.8252056
ACH-000378,SIDM01125,1240191.0,NCI-H647,Lung,Non-Small Cell Lung Cancer,Lung Adenosquamous Carcinoma,NCIH647_LUNG,2.286209
ACH-000379,SIDM00754,1298350.0,NCI-H1781,Lung,Non-Small Cell Lung Cancer,Lung Adenocarcinoma,NCIH1781_LUNG,3.0277827
ACH-000380,SIDM01020,907281.0,KMS-12-BM,Lymphoid,Mature B-Cell Neoplasms,Plasma Cell Myeloma,KMS12BM_HAEMATOPOIETIC_AND_LYMPHOID_TISSUE,1.5060703
ACH-000381,SIDM00782,909761.0,T84,Bowel,Colorectal Adenocarcinoma,Colon Adenocarcinoma,T84_LARGE_INTESTINE,3.2457786
ACH-000383,SIDM00477,910549.0,OE33,Esophagus/Stomach,Esophagogastric Adenocarcinoma,Esophageal Adenocarcinoma,OE33_OESOPHAGUS,2.986132
ACH-000384,SIDM01160,687457.0,SW 780,Bladder/Urinary Tract,Bladder Urothelial Carcinoma,Bladder Urothelial Carcinoma,SW780_URINARY_TRACT,3.5076592
ACH-000386,SIDM00785,907278.0,KG-1,Myeloid,Acute Myeloid Leukemia,Acute Myeloid Leukemia,KG1_HAEMATOPOIETIC_AND_LYMPHOID_TISSUE,2.4612126
ACH-000389,SIDM00852,907042.0,H4,CNS/Brain,Diffuse Glioma,Astrocytoma,H4_CENTRAL_NERVOUS_SYSTEM,1.9875683
ACH-000391,SIDM00386,908134.0,MHH-ES-1,Bone,Ewing Sarcoma,Ewing Sarcoma,MHHES1_BONE,2.780175
ACH-000392,SIDM00922,687777.0,Calu-3,Lung,Non-Small Cell Lung Cancer,Lung Adenocarcinoma,CALU3_LUNG,3.7523096
ACH-000394,SIDM00710,908480.0,NCI-H2081,Lung,Lung Neuroendocrine Tumor,Small Cell Lung Cancer,NCIH2081_LUNG,2.7070475
ACH-000395,SIDM01130,908443.0,NCI-H520,Lung,Non-Small Cell Lung Cancer,Lung Squamous Cell Carcinoma,NCIH520_LUNG,3.0754776
ACH-000396,SIDM00693,753566.0,J82,Bladder/Urinary Tract,Bladder Urothelial Carcinoma,Bladder Urothelial Carcinoma,J82_URINARY_TRACT,4.1168313
ACH-000399,SIDM00731,908481.0,NCI-H2196,Lung,Lung Neuroendocrine Tumor,Small Cell Lung Cancer,NCIH2196_LUNG,3.184446
ACH-000400,SIDM01096,909718.0,SK-CO-1,Bowel,Colorectal Adenocarcinoma,Colon Adenocarcinoma,SKCO1_LARGE_INTESTINE,2.3757653
ACH-000401,SIDM00515,906813.0,COLO-800,Skin,Melanoma,Cutaneous Melanoma,COLO800_SKIN,2.7295938
ACH-000403,SIDM00778,908457.0,NCI-H747,Bowel,Colorectal Adenocarcinoma,Colon Adenocarcinoma,NCIH747_LARGE_INTESTINE,3.4427347
ACH-000408,SIDM00347,735784.0,TE-5,Esophagus/Stomach,Esophageal Squamous Cell Carcinoma,Esophageal Squamous Cell Carcinoma,TE5_OESOPHAGUS,3.5009804
ACH-000410,SIDM01084,909707.0,Saos-2,Bone,Osteosarcoma,Osteosarcoma,SAOS2_BONE,3.0223968
ACH-000411,SIDM00803,910922.0,769-P,Kidney,Renal Cell Carcinoma,Renal Clear Cell Carcinoma,769P_KIDNEY,2.712794
ACH-000414,SIDM00762,1240185.0,NCI-H1944,Lung,Non-Small Cell Lung Cancer,Lung Adenocarcinoma,NCIH1944_LUNG,2.9310758
ACH-000416,SIDM01150,910399.0,NCI-H838,Lung,Non-Small Cell Lung Cancer,Lung Adenocarcinoma,NCIH838_LUNG,2.2181268
ACH-000417,SIDM01136,925347.0,Panc 08.13,Pancreas,Pancreatic Adenocarcinoma,Pancreatic Adenocarcinoma,PANC0813_PANCREAS,4.242234
ACH-000420,SIDM01194,909738.0,SNU-449,Liver,Hepatocellular Carcinoma,Hepatocellular Carcinoma,SNU449_LIVER,4.25126
ACH-000421,SIDM00833,909755.0,SW837,Bowel,Colorectal Adenocarcinoma,Rectal Adenocarcinoma,SW837_LARGE_INTESTINE,3.6766157
ACH-000423,SIDM01105,909724.0,SK-MEL-3,Skin,Melanoma,Cutaneous Melanoma,SKMEL3_SKIN,2.6838706
ACH-000424,SIDM00419,1240221.0,TC-71,Bone,Ewing Sarcoma,Ewing Sarcoma,TC71_BONE,2.195738
ACH-000425,SIDM00107,905976.0,UACC-62,Skin,Melanoma,Melanoma,UACC62_SKIN,2.7726903
ACH-000427,SIDM01147,908461.0,NCI-N87,Esophagus/Stomach,Esophagogastric Adenocarcinoma,Tubular Stomach Adenocarcinoma,NCIN87_STOMACH,3.0707276
ACH-000428,SIDM00112,905981.0,UO-31,Kidney,Renal Cell Carcinoma,Renal Cell Carcinoma,UO31_KIDNEY,2.2948515
ACH-000429,SIDM00849,910920.0,A-704,Kidney,Renal Cell Carcinoma,Renal Cell Carcinoma,A704_KIDNEY,3.0211735
ACH-000430,SIDM00321,909774.0,TYK-nu,Ovary/Fallopian Tube,Ovarian Epithelial Tumor,High-Grade Serous Ovarian Cancer,TYKNU_OVARY,3.2836397
ACH-000431,SIDM00741,688006.0,NCI-H1694,Lung,Lung Neuroendocrine Tumor,Small Cell Lung Cancer,NCIH1694_LUNG,3.00673
ACH-000432,SIDM00962,910710.0,BV-173,Myeloid,Myeloproliferative Neoplasms,"Chronic Myeloid Leukemia, BCR-ABL1+",BV173_HAEMATOPOIETIC_AND_LYMPHOID_TISSUE,0.9207575
ACH-000433,SIDM00941,905963.0,Caki-1,Kidney,Renal Cell Carcinoma,Renal Clear Cell Carcinoma,CAKI1_KIDNEY,2.8547008
ACH-000434,SIDM00763,1240184.0,NCI-H1915,Lung,Non-Small Cell Lung Cancer,Large Cell Lung Carcinoma,NCIH1915_LUNG,3.4570312
ACH-000437,SIDM01155,909745.0,SW 1088,CNS/Brain,Diffuse Glioma,Astrocytoma,SW1088_CENTRAL_NERVOUS_SYSTEM,3.4230032
ACH-000438,SIDM00547,724863.0,Lu-65,Lung,Non-Small Cell Lung Cancer,Giant Cell Carcinoma of the Lung,LU65_LUNG,2.8855767
ACH-000439,SIDM00338,1330942.0,ME-1,Myeloid,Acute Myeloid Leukemia,Acute Myeloid Leukemia,ME1_HAEMATOPOIETIC_AND_LYMPHOID_TISSUE,2.9729388
ACH-000440,SIDM00907,910703.0,CA46,Lymphoid,Mature B-Cell Neoplasms,Burkitt Lymphoma,CA46_HAEMATOPOIETIC_AND_LYMPHOID_TISSUE,2.5941772
ACH-000441,SIDM01079,909713.0,SH-4,Skin,Melanoma,Melanoma,SH4_SKIN,2.9810293
ACH-000442,SIDM00354,1298538.0,RERF-LC-Sq1,Lung,Non-Small Cell Lung Cancer,Lung Squamous Cell Carcinoma,RERFLCSQ1_LUNG,3.0176492
ACH-000443,SIDM00466,1240199.0,OVKATE,Ovary/Fallopian Tube,Ovarian Epithelial Tumor,High-Grade Serous Ovarian Cancer,OVKATE_OVARY,5.704728
ACH-000447,SIDM00729,687816.0,NCI-H2228,Lung,Non-Small Cell Lung Cancer,Lung Adenocarcinoma,NCIH2228_LUNG,3.67099
ACH-000448,SIDM00743,908473.0,NCI-H1666,Lung,Non-Small Cell Lung Cancer,Lung Adenocarcinoma,NCIH1666_LUNG,3.767648
ACH-000449,SIDM00625,908127.0,MES-SA,Uterus,Uterine Sarcoma/Mesenchymal,Uterine Sarcoma/Mesenchymal,MESSA_SOFT_TISSUE,2.4513686
ACH-000450,SIDM00337,908124.0,MEL-HO,Skin,Melanoma,Melanoma,MELHO_SKIN,2.4768
ACH-000451,SIDM00709,687812.0,NCI-H2085,Lung,Non-Small Cell Lung Cancer,Lung Adenocarcinoma,NCIH2085_LUNG,3.5004284
ACH-000452,SIDM00326,753623.0,TE-8,Esophagus/Stomach,Esophageal Squamous Cell Carcinoma,Esophageal Squamous Cell Carcinoma,TE8_OESOPHAGUS,3.0519338
ACH-000456,SIDM00992,924104.0,B-CPAP,Thyroid,Poorly Differentiated Thyroid Cancer,Poorly Differentiated Thyroid Cancer,BCPAP_THYROID,3.0119019
ACH-000457,SIDM00932,910952.0,CAL-54,Kidney,Renal Cell Carcinoma,Renal Cell Carcinoma,CAL54_KIDNEY,2.2753108
ACH-000463,SIDM00144,905943.0,NCI-H460,Lung,Non-Small Cell Lung Cancer,Large Cell Lung Carcinoma,NCIH460_LUNG,1.6963844
ACH-000464,SIDM00212,910943.0,CAS-1,CNS/Brain,Diffuse Glioma,Glioblastoma,CAS1_CENTRAL_NERVOUS_SYSTEM,3.7022018
ACH-000465,SIDM01107,909723.0,SK-MEL-1,Skin,Melanoma,Melanoma,SKMEL1_SKIN,3.5473883
ACH-000469,SIDM00316,909905.0,YH-13,CNS/Brain,Diffuse Glioma,Glioblastoma,YH13_CENTRAL_NERVOUS_SYSTEM,2.7503672
ACH-000470,SIDM00834,909748.0,SW1463,Bowel,Colorectal Adenocarcinoma,Rectal Adenocarcinoma,SW1463_LARGE_INTESTINE,3.416053
ACH-000472,SIDM00590,753562.0,HSC-2,Head and Neck,Head and Neck Squamous Cell Carcinoma,Oral Cavity Squamous Cell Carcinoma,HSC2_UPPER_AERODIGESTIVE_TRACT,2.1987195
ACH-000473,SIDM00402,909704.0,RT-112,Bladder/Urinary Tract,Bladder Urothelial Carcinoma,Bladder Urothelial Carcinoma,RT112_URINARY_TRACT,2.6386936
ACH-000475,SIDM00586,1298146.0,huH-1,Liver,Hepatocellular Carcinoma,Hepatocellular Carcinoma,HUH1_LIVER,3.4660783
ACH-000476,SIDM00616,1240158.0,JHH-4,Liver,Hepatocellular Carcinoma,Hepatocellular Carcinoma,JHH4_LIVER,3.1532602
ACH-000478,SIDM01180,909736.0,SNU-387,Liver,Hepatocellular Carcinoma,Hepatocellular Carcinoma,SNU387_LIVER,3.486484
ACH-000480,SIDM00585,907071.0,HuH-7,Liver,Hepatocellular Carcinoma,Hepatocellular Carcinoma,HUH7_LIVER,3.827364
ACH-000481,SIDM00716,687815.0,NCI-H2170,Lung,Non-Small Cell Lung Cancer,Lung Squamous Cell Carcinoma,NCIH2170_LUNG,2.531234
ACH-000482,SIDM00356,1298537.0,RERF-LC-KJ,Lung,Non-Small Cell Lung Cancer,Lung Adenocarcinoma,RERFLCKJ_LUNG,3.0109384
ACH-000484,SIDM00318,1240224.0,VMRC-RCW,Kidney,Renal Cell Carcinoma,Renal Cell Carcinoma,VMRCRCW_KIDNEY,4.2135754
ACH-000486,SIDM01033,907312.0,KU-19-19,Bladder/Urinary Tract,Bladder Urothelial Carcinoma,Bladder Urothelial Carcinoma,KU1919_URINARY_TRACT,2.2250667
ACH-000488,SIDM00348,946354.0,TE-11,Esophagus/Stomach,Esophageal Squamous Cell Carcinoma,Esophageal Squamous Cell Carcinoma,TE11_OESOPHAGUS,1.8312387
ACH-000489,SIDM00835,909746.0,SW1116,Bowel,Colorectal Adenocarcinoma,Colon Adenocarcinoma,SW1116_LARGE_INTESTINE,4.0614533
ACH-000491,SIDM00779,908458.0,NCI-H716,Bowel,Colorectal Adenocarcinoma,Colon Adenocarcinoma,NCIH716_LARGE_INTESTINE,2.952898
ACH-000493,SIDM01199,909737.0,SNU-423,Liver,Hepatocellular Carcinoma,Hepatocellular Carcinoma,SNU423_LIVER,3.260429
ACH-000496,SIDM00771,724868.0,NCI-H1792,Lung,Non-Small Cell Lung Cancer,Lung Adenocarcinoma,NCIH1792_LUNG,2.3124018
ACH-000501,SIDM00776,907792.0,LS123,Bowel,Colorectal Adenocarcinoma,Colon Adenocarcinoma,LS123_LARGE_INTESTINE,4.1735196
ACH-000504,SIDM00095,905982.0,SNB75,CNS/Brain,Diffuse Glioma,Glioblastoma,SNB75_CENTRAL_NERVOUS_SYSTEM,3.2480915
ACH-000505,SIDM00353,1298539.0,RKN,Soft Tissue,Leiomyosarcoma,Leiomyosarcoma,RKN_SOFT_TISSUE,4.0810213
ACH-000506,SIDM00698,910899.0,NCI-H146,Lung,Lung Neuroendocrine Tumor,Small Cell Lung Cancer,NCIH146_LUNG,2.5456388
ACH-000508,SIDM00506,906808.0,COR-L88,Lung,Lung Neuroendocrine Tumor,Small Cell Lung Cancer,CORL88_LUNG,3.368815
ACH-000510,SIDM00649,724831.0,NCI-H1299,Lung,Non-Small Cell Lung Cancer,Large Cell Lung Carcinoma,NCIH1299_LUNG,3.1853216
ACH-000514,SIDM00653,687997.0,NCI-H1092,Lung,Lung Neuroendocrine Tumor,Small Cell Lung Cancer,NCIH1092_LUNG,3.9793384
ACH-000515,SIDM01071,1303901.0,HCC-33,Lung,Lung Neuroendocrine Tumor,Small Cell Lung Cancer,HCC33_LUNG,2.528465
ACH-000516,SIDM00929,1290765.0,CAL-78,Bone,Chondrosarcoma,Dedifferentiated Chondrosarcoma,CAL78_BONE,3.2042146
ACH-000518,SIDM00942,753541.0,CAL-33,Head and Neck,Head and Neck Squamous Cell Carcinoma,Oral Cavity Squamous Cell Carcinoma,CAL33_UPPER_AERODIGESTIVE_TRACT,2.508763
ACH-000521,SIDM00715,722045.0,NCI-H2030,Lung,Non-Small Cell Lung Cancer,Lung Adenocarcinoma,NCIH2030_LUNG,2.810186
ACH-000522,SIDM01182,724838.0,UM-UC-3,Bladder/Urinary Tract,Bladder Urothelial Carcinoma,Bladder Urothelial Carcinoma,UMUC3_URINARY_TRACT,3.2639387
ACH-000524,SIDM00554,909975.0,KURAMOCHI,Ovary/Fallopian Tube,Ovarian Epithelial Tumor,High-Grade Serous Ovarian Cancer,KURAMOCHI_OVARY,4.055274
ACH-000525,SIDM00733,688015.0,NCI-H2171,Lung,Lung Neuroendocrine Tumor,Small Cell Lung Cancer,NCIH2171_LUNG,1.5078238
ACH-000527,SIDM00564,1240198.0,OVISE,Ovary/Fallopian Tube,Ovarian Epithelial Tumor,Clear Cell Ovarian Cancer,OVISE_OVARY,3.396932
ACH-000528,SIDM00494,906791.0,ABC-1,Lung,Non-Small Cell Lung Cancer,Lung Adenocarcinoma,ABC1_LUNG,3.3535755
ACH-000530,SIDM00865,687983.0,DMS 114,Lung,SMARCA4-deficient undifferentiated tumor,SMARCA4-deficient undifferentiated tumor,DMS114_LUNG,3.0685453
ACH-000532,SIDM00194,1660035.0,SNU-61,Bowel,Colorectal Adenocarcinoma,Rectal Adenocarcinoma,SNU61_LARGE_INTESTINE,3.8827899
ACH-000534,SIDM00413,1331050.0,WSU-DLCL2,Lymphoid,Mature B-Cell Neoplasms,"Diffuse Large B-Cell Lymphoma, NOS",WSUDLCL2_HAEMATOPOIETIC_AND_LYMPHOID_TISSUE,0.9528941
ACH-000535,SIDM00132,906693.0,BxPC-3,Pancreas,Pancreatic Adenocarcinoma,Pancreatic Adenocarcinoma,BXPC3_PANCREAS,3.0998528
ACH-000536,SIDM00893,906801.0,BT-20,Breast,Invasive Breast Carcinoma,Breast Invasive Ductal Carcinoma,BT20_BREAST,3.0152128
ACH-000538,SIDM00694,907073.0,HUTU80,Bowel,Small Bowel Cancer,Duodenal Adenocarcinoma,HUTU80_SMALL_INTESTINE,1.3146412
ACH-000544,SIDM00478,1298359.0,OE21,Esophagus/Stomach,Esophageal Squamous Cell Carcinoma,Esophageal Squamous Cell Carcinoma,OE21_OESOPHAGUS,2.926764
ACH-000546,SIDM00588,907062.0,HSC-4,Head and Neck,Head and Neck Squamous Cell Carcinoma,Oral Cavity Squamous Cell Carcinoma,HSC4_UPPER_AERODIGESTIVE_TRACT,3.197321
ACH-000547,SIDM00676,907065.0,HT-1197,Bladder/Urinary Tract,Bladder Urothelial Carcinoma,Bladder Urothelial Carcinoma,HT1197_URINARY_TRACT,3.651014
ACH-000548,SIDM00986,753535.0,BHY,Head and Neck,Head and Neck Squamous Cell Carcinoma,Oral Cavity Squamous Cell Carcinoma,BHY_UPPER_AERODIGESTIVE_TRACT,3.402139
ACH-000551,SIDM00791,905940.0,K-562,Myeloid,Myeloproliferative Neoplasms,"Chronic Myeloid Leukemia, BCR-ABL1+",K562_HAEMATOPOIETIC_AND_LYMPHOID_TISSUE,2.6930807
ACH-000552,SIDM00136,905939.0,HT-29,Bowel,Colorectal Adenocarcinoma,Colon Adenocarcinoma,HT29_LARGE_INTESTINE,2.6829884
ACH-000554,SIDM01186,909778.0,UACC-893,Breast,Invasive Breast Carcinoma,Breast Invasive Lobular Carcinoma,UACC893_BREAST,2.9375079
ACH-000555,SIDM00124,905948.0,A-498,Kidney,Renal Cell Carcinoma,Renal Cell Carcinoma,A498_KIDNEY,3.3340151
ACH-000556,SIDM01093,930297.0,SIHA,Cervix,Cervical Squamous Cell Carcinoma,Cervical Squamous Cell Carcinoma,SIHA_CERVIX,3.5720077
ACH-000558,SIDM00799,687563.0,A-172,CNS/Brain,Diffuse Glioma,Glioblastoma,A172_CENTRAL_NERVOUS_SYSTEM,2.7301931
ACH-000559,SIDM00770,1240182.0,NCI-H1836,Lung,Lung Neuroendocrine Tumor,Small Cell Lung Cancer,NCIH1836_LUNG,4.330575
ACH-000560,SIDM00280,906848.0,ECC10,Esophagus/Stomach,Esophagogastric Adenocarcinoma,Small Cell Carcinoma of the Stomach,ECC10_STOMACH,2.2931757
ACH-000561,SIDM00322,1299064.0,T.T,Esophagus/Stomach,Esophageal Squamous Cell Carcinoma,Esophageal Squamous Cell Carcinoma,TT_OESOPHAGUS,2.372572
ACH-000562,SIDM01068,1290908.0,HCC-78,Lung,Non-Small Cell Lung Cancer,Lung Adenocarcinoma,HCC78_LUNG,2.8525863
ACH-000563,SIDM00486,753554.0,EBC-1,Lung,Non-Small Cell Lung Cancer,Lung Squamous Cell Carcinoma,EBC1_LUNG,2.8834565
ACH-000565,SIDM00359,909263.0,RCM-1,Bowel,Colorectal Adenocarcinoma,Rectal Adenocarcinoma,RCM1_LARGE_INTESTINE,3.6151595
ACH-000566,SIDM00420,909749.0,SW-1710,Bladder/Urinary Tract,Bladder Urothelial Carcinoma,Bladder Urothelial Carcinoma,SW1710_URINARY_TRACT,3.372195
ACH-000567,SIDM01198,910906.0,ST486,Lymphoid,Mature B-Cell Neoplasms,Burkitt Lymphoma,ST486_HAEMATOPOIETIC_AND_LYMPHOID_TISSUE,1.5896361
ACH-000568,SIDM01187,910910.0,UACC-812,Breast,Invasive Breast Carcinoma,Breast Invasive Lobular Carcinoma,UACC812_BREAST,3.5855837
ACH-000569,SIDM00224,907173.0,IST-MES1,Pleura,Pleural Mesothelioma,"Pleural Mesothelioma, Epithelioid Type",ISTMES1_PLEURA,3.3364997
ACH-000570,SIDM00315,687592.0,YKG1,CNS/Brain,Diffuse Glioma,Glioblastoma,YKG1_CENTRAL_NERVOUS_SYSTEM,3.015074
ACH-000571,SIDM01171,687586.0,T98G,CNS/Brain,Diffuse Glioma,Glioblastoma,T98G_CENTRAL_NERVOUS_SYSTEM,3.0034041
ACH-000572,SIDM00857,906865.0,G-361,Skin,Melanoma,Melanoma,G361_SKIN,2.7251384
ACH-000573,SIDM00629,1240172.0,MDA-MB-436,Breast,Invasive Breast Carcinoma,"Breast Invasive Carcinoma, NOS",MDAMB436_BREAST,3.8957536
ACH-000574,SIDM01040,1240129.0,FU-OV-1,Ovary/Fallopian Tube,Ovarian Epithelial Tumor,High-Grade Serous Ovarian Cancer,FUOV1_OVARY,3.6230068
ACH-000577,SIDM00617,1240157.0,JHH-2,Liver,Hepatocellular Carcinoma,Hepatocellular Carcinoma,JHH2_LIVER,2.9966564
ACH-000579,SIDM00108,905977.0,UACC-257,Skin,Melanoma,Melanoma,UACC257_SKIN,3.9291883
ACH-000580,SIDM00890,906830.0,C32,Skin,Melanoma,Melanoma,C32_SKIN,3.4681082
ACH-000581,SIDM01145,908446.0,SNU-16,Esophagus/Stomach,Esophagogastric Adenocarcinoma,Stomach Adenocarcinoma,SNU16_STOMACH,1.4491321
ACH-000583,SIDM00637,907799.0,MC116,Lymphoid,Non-Hodgkin Lymphoma,Mature B-Cell Neoplasms,MC116_HAEMATOPOIETIC_AND_LYMPHOID_TISSUE,1.2110358
ACH-000584,SIDM00303,1480359.0,JHOS-4,Ovary/Fallopian Tube,Ovarian Epithelial Tumor,High-Grade Serous Ovarian Cancer,JHOS4_OVARY,1.8222848
ACH-000585,SIDM01044,753556.0,EPLC-272H,Lung,Non-Small Cell Lung Cancer,Lung Squamous Cell Carcinoma,EPLC272H_LUNG,2.4504726
ACH-000586,SIDM00766,1330972.0,NCI-H1876,Lung,Lung Neuroendocrine Tumor,Small Cell Lung Cancer,NCIH1876_LUNG,2.2914526
ACH-000587,SIDM00759,924244.0,NCI-H1975,Lung,Non-Small Cell Lung Cancer,Lung Adenocarcinoma,NCIH1975_LUNG,2.8159978
ACH-000589,SIDM00734,687794.0,NCI-H1437,Lung,Non-Small Cell Lung Cancer,Lung Adenocarcinoma,NCIH1437_LUNG,2.251302
ACH-000595,SIDM00684,1240169.0,LN-229,CNS/Brain,Diffuse Glioma,Glioblastoma,LN229_CENTRAL_NERVOUS_SYSTEM,3.7999654
ACH-000596,SIDM00344,946361.0,LCLC-97TM1,Lung,Non-Small Cell Lung Cancer,Large Cell Lung Carcinoma,LCLC97TM1_LUNG,2.825282
ACH-000599,SIDM00455,1298526.0,PA-TU-8902,Pancreas,Pancreatic Adenocarcinoma,Pancreatic Adenocarcinoma,PATU8902_PANCREAS,4.295586
ACH-000601,SIDM00505,724870.0,MIA PaCa-2,Pancreas,Pancreatic Adenocarcinoma,Pancreatic Adenocarcinoma,MIAPACA2_PANCREAS,2.9243584
ACH-000603,SIDM00990,753534.0,BEN,Lung,Non-Small Cell Lung Cancer,Non-Small Cell Lung Cancer,BEN_LUNG,2.936648
ACH-000605,SIDM00328,946355.0,TE-6,Esophagus/Stomach,Esophageal Squamous Cell Carcinoma,Esophageal Squamous Cell Carcinoma,TE6_OESOPHAGUS,3.018046
ACH-000607,SIDM00552,1240166.0,KYM-1,Soft Tissue,Rhabdomyosarcoma,Embryonal Rhabdomyosarcoma,KYM1_SOFT_TISSUE,1.8707447
ACH-000609,SIDM00382,909712.0,SF126,CNS/Brain,Diffuse Glioma,Glioblastoma,SF126_CENTRAL_NERVOUS_SYSTEM,2.2945464
ACH-000610,SIDM00730,688018.0,NCI-H2227,Lung,Lung Neuroendocrine Tumor,Small Cell Lung Cancer,NCIH2227_LUNG,3.2018616
ACH-000611,SIDM00407,1331037.0,SU-DHL-6,Lymphoid,Mature B-Cell Neoplasms,"Diffuse Large B-Cell Lymphoma, NOS",SUDHL6_HAEMATOPOIETIC_AND_LYMPHOID_TISSUE,1.0654595
ACH-000613,SIDM00806,907060.0,HOS,Bone,Osteosarcoma,Osteosarcoma,HOS_BONE,2.4584763
ACH-000614,SIDM00401,909706.0,RVH-421,Skin,Melanoma,Melanoma,RVH421_SKIN,3.7792342
ACH-000615,SIDM00081,905954.0,SK-MEL-28,Skin,Melanoma,Cutaneous Melanoma,SKMEL28_SKIN,2.6896408
ACH-000616,SIDM00665,1240151.0,Hs 746T,Esophagus/Stomach,Esophagogastric Adenocarcinoma,Stomach Adenocarcinoma,HS746T_STOMACH,3.3446128
ACH-000617,SIDM00092,905990.0,OVCAR-4,Ovary/Fallopian Tube,Ovarian Epithelial Tumor,High-Grade Serous Ovarian Cancer,OVCAR4_OVARY,3.7031024
ACH-000619,SIDM00473,1240207.0,PE/CA-PJ15,Head and Neck,Head and Neck Squamous Cell Carcinoma,Oral Cavity Squamous Cell Carcinoma,PECAPJ15_UPPER_AERODIGESTIVE_TRACT,2.8595033
ACH-000620,SIDM00618,1298151.0,JHH-1,Liver,Hepatocellular Carcinoma,Hepatocellular Carcinoma,JHH1_LIVER,3.2943249
ACH-000621,SIDM00529,925338.0,MDA-MB-157,Breast,Invasive Breast Carcinoma,Breast Invasive Ductal Carcinoma,MDAMB157_BREAST,3.210005
ACH-000622,SIDM00607,907282.0,KNS-42,CNS/Brain,Diffuse Glioma,Glioblastoma,KNS42_CENTRAL_NERVOUS_SYSTEM,3.7687776
ACH-000624,SIDM00875,907047.0,HCC1806,Breast,Breast Ductal Carcinoma In Situ,Breast Ductal Carcinoma In Situ,HCC1806_BREAST,2.3270202
ACH-000625,SIDM00672,1240147.0,Hep 3B2.1-7,Liver,Hepatocellular Carcinoma,Hepatocellular Carcinoma,HEP3B217_LIVER,1.8539603
ACH-000626,SIDM00417,753615.0,U266B1,Lymphoid,Mature B-Cell Neoplasms,Plasma Cell Myeloma,U266B1_HAEMATOPOIETIC_AND_LYMPHOID_TISSUE,3.1102529
ACH-000627,SIDM00345,753586.0,LCLC-103H,Lung,Non-Small Cell Lung Cancer,Large Cell Lung Carcinoma,LCLC103H_LUNG,3.1962345
ACH-000628,SIDM01127,908459.0,NCI-H596,Lung,Non-Small Cell Lung Cancer,Lung Adenosquamous Carcinoma,NCIH596_LUNG,3.525531
ACH-000631,SIDM00555,907313.0,KS-1,CNS/Brain,Diffuse Glioma,Glioblastoma,KS1_CENTRAL_NERVOUS_SYSTEM,2.9988484
ACH-000633,SIDM00503,1290806.0,FU97,Esophagus/Stomach,Esophagogastric Adenocarcinoma,Diffuse Type Stomach Adenocarcinoma,FU97_STOMACH,2.9451041
ACH-000636,SIDM00403,909702.0,RPMI-8402,Lymphoid,T-Lymphoblastic Leukemia/Lymphoma,T-Lymphoblastic Leukemia/Lymphoma,RPMI8402_HAEMATOPOIETIC_AND_LYMPHOID_TISSUE,0.89857584
ACH-000637,SIDM01025,753575.0,KYSE-520,Esophagus/Stomach,Esophageal Squamous Cell Carcinoma,Esophageal Squamous Cell Carcinoma,KYSE520_OESOPHAGUS,4.0256476
ACH-000638,SIDM00925,908460.0,NCI-H441,Lung,Non-Small Cell Lung Cancer,Lung Adenocarcinoma,NCIH441_LUNG,5.333321
ACH-000639,SIDM00704,1240189.0,NCI-H211,Lung,Lung Neuroendocrine Tumor,Small Cell Lung Cancer,NCIH211_LUNG,1.707215
ACH-000640,SIDM01104,909727.0,SK-MEL-31,Skin,Melanoma,Cutaneous Melanoma,SKMEL31_SKIN,3.3389556
ACH-000643,SIDM01062,1290922.0,HDQ-P1,Breast,Invasive Breast Carcinoma,Breast Invasive Ductal Carcinoma,HDQP1_BREAST,2.9103308
ACH-000644,SIDM00909,687448.0,COLO 829,Skin,Melanoma,Cutaneous Melanoma,COLO829_SKIN,4.3184133
ACH-000647,SIDM00369,753621.0,TE-1,Esophagus/Stomach,Esophageal Squamous Cell Carcinoma,Esophageal Squamous Cell Carcinoma,TE1_OESOPHAGUS,3.3853645
ACH-000648,SIDM00720,908470.0,NCI-H28,Pleura,Pleural Mesothelioma,"Pleural Mesothelioma, Epithelioid Type",NCIH28_PLEURA,4.641273
ACH-000649,SIDM00125,905947.0,786-O,Kidney,Renal Cell Carcinoma,Renal Clear Cell Carcinoma,786O_KIDNEY,2.6630285
ACH-000650,SIDM01066,1240153.0,IGR-37,Skin,Melanoma,Melanoma,IGR37_SKIN,2.6010454
ACH-000651,SIDM00841,905962.0,SW 620,Bowel,Colorectal Adenocarcinoma,Colon Adenocarcinoma,SW620_LARGE_INTESTINE,3.4913929
ACH-000652,SIDM00371,1240219.0,SUIT-2,Pancreas,Pancreatic Adenocarcinoma,Pancreatic Adenocarcinoma,SUIT2_PANCREAS,4.148524
ACH-000653,SIDM01036,1327766.0,JJN-3,Lymphoid,Mature B-Cell Neoplasms,Plasma Cell Myeloma,JJN3_HAEMATOPOIETIC_AND_LYMPHOID_TISSUE,2.152956
ACH-000654,SIDM00844,909262.0,Raji,Lymphoid,Mature B-Cell Neoplasms,Burkitt Lymphoma,RAJI_HAEMATOPOIETIC_AND_LYMPHOID_TISSUE,2.062239
ACH-000655,SIDM00085,905986.0,SF268,CNS/Brain,Diffuse Glioma,Astrocytoma,SF268_CENTRAL_NERVOUS_SYSTEM,3.4578724
ACH-000656,SIDM00423,1331038.0,SU-DHL-8,Lymphoid,Mature B-Cell Neoplasms,"Diffuse Large B-Cell Lymphoma, NOS",SUDHL8_HAEMATOPOIETIC_AND_LYMPHOID_TISSUE,2.1388187
ACH-000657,SIDM00210,906804.0,A2780,Ovary/Fallopian Tube,Ovarian Epithelial Tumor,Endometrioid Ovarian Cancer,A2780_OVARY,1.6502361
ACH-000660,SIDM00406,1331036.0,SU-DHL-5,Lymphoid,Mature B-Cell Neoplasms,"Diffuse Large B-Cell Lymphoma, NOS",SUDHL5_HAEMATOPOIETIC_AND_LYMPHOID_TISSUE,0.6994777
ACH-000662,SIDM00512,687780.0,COR-L23,Lung,Non-Small Cell Lung Cancer,Large Cell Lung Carcinoma,CORL23_LUNG,3.2363684
ACH-000663,SIDM00425,1298365.0,OVTOKO,Ovary/Fallopian Tube,Ovarian Epithelial Tumor,Clear Cell Ovarian Cancer,OVTOKO_OVARY,3.3643591
ACH-000664,SIDM00390,909742.0,SU-DHL-1,Lymphoid,Mature T and NK Neoplasms,Anaplastic Large-Cell Lymphoma ALK Positive,SUDHL1_HAEMATOPOIETIC_AND_LYMPHOID_TISSUE,1.6624637
ACH-000665,SIDM01103,909728.0,SK-MES-1,Lung,Non-Small Cell Lung Cancer,Lung Squamous Cell Carcinoma,SKMES1_LUNG,3.3547993
ACH-000666,SIDM00645,724866.0,NCI-H1355,Lung,Non-Small Cell Lung Cancer,Lung Adenocarcinoma,NCIH1355_LUNG,3.9520357
ACH-000667,SIDM01069,1240145.0,HCC-44,Lung,Non-Small Cell Lung Cancer,Lung Adenocarcinoma,HCC44_LUNG,2.3789976
ACH-000668,SIDM00673,907048.0,HCC70,Breast,Invasive Breast Carcinoma,Breast Invasive Ductal Carcinoma,HCC70_BREAST,2.8706758
ACH-000670,SIDM00368,713880.0,SBC-5,Lung,Lung Neuroendocrine Tumor,Small Cell Lung Cancer,SBC5_LUNG,2.35794
ACH-000672,SIDM00306,910779.0,IA-LM,Lung,Non-Small Cell Lung Cancer,Large Cell Lung Carcinoma,IALM_LUNG,4.0747957
ACH-000674,SIDM00570,1298357.0,NUGC-4,Esophagus/Stomach,Esophagogastric Adenocarcinoma,Diffuse Type Stomach Adenocarcinoma,NUGC4_STOMACH,4.4055095
ACH-000675,SIDM00739,722058.0,NCI-H1734,Lung,Non-Small Cell Lung Cancer,Lung Adenocarcinoma,NCIH1734_LUNG,2.1838305
ACH-000677,SIDM01163,724878.0,SW 1573,Lung,Non-Small Cell Lung Cancer,Lung Adenocarcinoma,SW1573_LUNG,4.6554375
ACH-000678,SIDM00560,924250.0,MKN7,Esophagus/Stomach,Esophagogastric Adenocarcinoma,Tubular Stomach Adenocarcinoma,MKN7_STOMACH,3.729723
ACH-000679,SIDM00479,910079.0,OE-19,Esophagus/Stomach,Esophageal Squamous Cell Carcinoma,Esophageal Squamous Cell Carcinoma,OE19_OESOPHAGUS,2.9980378
ACH-000680,SIDM00832,909757.0,SW948,Bowel,Colorectal Adenocarcinoma,Colon Adenocarcinoma,SW948_LARGE_INTESTINE,3.3298004
ACH-000681,SIDM00903,905949.0,A549,Lung,Non-Small Cell Lung Cancer,Lung Adenocarcinoma,A549_LUNG,2.2524064
ACH-000684,SIDM00611,1298168.0,KMRC-1,Kidney,Renal Cell Carcinoma,Renal Clear Cell Carcinoma,KMRC1_KIDNEY,3.377124
ACH-000688,SIDM00474,1480360.0,OV7,Ovary/Fallopian Tube,Ovarian Epithelial Tumor,Mixed Ovarian Carcinoma,OV7_OVARY,2.433233
ACH-000689,SIDM00454,971774.0,RH-18,Soft Tissue,Rhabdomyosarcoma,Embryonal Rhabdomyosarcoma,RH18_SOFT_TISSUE,3.0850692
ACH-000691,SIDM00774,749715.0,HCC2157,Breast,Invasive Breast Carcinoma,Breast Invasive Ductal Carcinoma,HCC2157_BREAST,2.2115724
ACH-000693,SIDM01030,907318.0,KYSE-180,Esophagus/Stomach,Esophageal Squamous Cell Carcinoma,Esophageal Squamous Cell Carcinoma,KYSE180_OESOPHAGUS,2.5089166
ACH-000694,SIDM00325,946353.0,TE-9,Esophagus/Stomach,Esophageal Squamous Cell Carcinoma,Esophageal Squamous Cell Carcinoma,TE9_OESOPHAGUS,3.083956
ACH-000696,SIDM00090,905991.0,OVCAR-8,Ovary/Fallopian Tube,Ovarian Epithelial Tumor,High-Grade Serous Ovarian Cancer,OVCAR8_OVARY,2.426731
ACH-000697,SIDM00495,910935.0,A3/KAW,Lymphoid,Mature B-Cell Neoplasms,"Diffuse Large B-Cell Lymphoma, NOS",A3KAW_HAEMATOPOIETIC_AND_LYMPHOID_TISSUE,1.0140233
ACH-000698,SIDM00523,907295.0,DMS 53,Lung,Lung Neuroendocrine Tumor,Small Cell Lung Cancer,DMS53_LUNG,3.5145988
ACH-000699,SIDM00884,749712.0,HCC1395,Breast,Invasive Breast Carcinoma,Breast Invasive Ductal Carcinoma,HCC1395_BREAST,2.688385
ACH-000702,SIDM00313,1330935.0,L-1236,Lymphoid,Hodgkin Lymphoma,Hodgkin Lymphoma,L1236_HAEMATOPOIETIC_AND_LYMPHOID_TISSUE,1.8672222
ACH-000703,SIDM00524,753551.0,DMS 79,Lung,Lung Neuroendocrine Tumor,Small Cell Lung Cancer,DMS79_LUNG,3.038671
ACH-000704,SIDM00480,910548.0,OAW42,Ovary/Fallopian Tube,Ovarian Epithelial Tumor,Serous Ovarian Cancer,OAW42_OVARY,3.3869824
ACH-000706,SIDM00119,905970.0,EKVX,Lung,Non-Small Cell Lung Cancer,Lung Adenocarcinoma,EKVX_LUNG,4.2579417
ACH-000708,SIDM00215,1659929.0,SNU-283,Bowel,Colorectal Adenocarcinoma,Rectal Adenocarcinoma,SNU283_LARGE_INTESTINE,3.0865562
ACH-000711,SIDM01037,1298157.0,JIMT-1,Breast,Invasive Breast Carcinoma,Breast Invasive Ductal Carcinoma,JIMT1_BREAST,3.3201785
ACH-000713,SIDM00919,906825.0,Caov-3,Ovary/Fallopian Tube,Ovarian Epithelial Tumor,High-Grade Serous Ovarian Cancer,CAOV3_OVARY,2.5122619
ACH-000714,SIDM00608,1659817.0,KMS-11,Lymphoid,Mature B-Cell Neoplasms,Plasma Cell Myeloma,KMS11_HAEMATOPOIETIC_AND_LYMPHOID_TISSUE,1.7311566
ACH-000716,SIDM00418,1240223.0,TT2609-C02,Thyroid,Well-Differentiated Thyroid Cancer,Follicular Thyroid Cancer,TT2609C02_THYROID,4.5630536
ACH-000717,SIDM00956,906817.0,COLO-680N,Esophagus/Stomach,Esophageal Squamous Cell Carcinoma,Esophageal Squamous Cell Carcinoma,COLO680N_OESOPHAGUS,4.302791
ACH-000718,SIDM00728,724874.0,NCI-H2291,Lung,Non-Small Cell Lung Cancer,Lung Adenocarcinoma,NCIH2291_LUNG,4.1710706
ACH-000719,SIDM00352,909699.0,RMG-I,Ovary/Fallopian Tube,Ovarian Epithelial Tumor,Clear Cell Ovarian Cancer,RMGI_OVARY,4.669513
ACH-000720,SIDM01190,687459.0,TCCSUP,Bladder/Urinary Tract,Bladder Urothelial Carcinoma,Bladder Urothelial Carcinoma,TCCSUP_URINARY_TRACT,3.8436925
ACH-000722,SIDM01197,910905.0,SNU-C1,Bowel,Colorectal Adenocarcinoma,Colon Adenocarcinoma,SNUC1_LARGE_INTESTINE,3.5941637
ACH-000724,SIDM00678,907066.0,HT-1376,Bladder/Urinary Tract,Bladder Urothelial Carcinoma,Bladder Urothelial Carcinoma,HT1376_URINARY_TRACT,4.1653934
ACH-000725,SIDM00870,1290906.0,HCC202,Breast,Breast Ductal Carcinoma In Situ,Breast Ductal Carcinoma In Situ,HCC202_BREAST,1.961374
ACH-000729,SIDM00760,688010.0,NCI-H1963,Lung,Lung Neuroendocrine Tumor,Small Cell Lung Cancer,NCIH1963_LUNG,2.3241723
ACH-000730,SIDM00080,905956.0,SK-MEL-5,Skin,Melanoma,Cutaneous Melanoma,SKMEL5_SKIN,3.3063674
ACH-000733,SIDM00769,687807.0,NCI-H1838,Lung,Non-Small Cell Lung Cancer,Lung Adenocarcinoma,NCIH1838_LUNG,4.5167875
ACH-000738,SIDM00581,687568.0,GB-1,CNS/Brain,Diffuse Glioma,Glioblastoma,GB1_CENTRAL_NERVOUS_SYSTEM,3.744014
ACH-000740,SIDM00796,906794.0,A-253,Head and Neck,Head and Neck Squamous Cell Carcinoma,Oral Cavity Squamous Cell Carcinoma,A253_SALIVARY_GLAND,2.9934196
ACH-000743,SIDM00521,1297439.0,COR-L95,Lung,Lung Neuroendocrine Tumor,Small Cell Lung Cancer,CORL95_LUNG,3.3056467
ACH-000744,SIDM00747,687798.0,NCI-H1623,Lung,Non-Small Cell Lung Cancer,Lung Adenocarcinoma,NCIH1623_LUNG,2.9625852
ACH-000745,SIDM00434,1330950.0,MOLP-8,Lymphoid,Mature B-Cell Neoplasms,Plasma Cell Myeloma,MOLP8_HAEMATOPOIETIC_AND_LYMPHOID_TISSUE,1.6808387
ACH-000747,SIDM00740,908474.0,NCI-H1703,Lung,Non-Small Cell Lung Cancer,Lung Squamous Cell Carcinoma,NCIH1703_LUNG,2.1140318
ACH-000748,SIDM01112,909717.0,SJSA-1,Bone,Osteosarcoma,Osteosarcoma,SJSA1_BONE,2.7947278
ACH-000749,SIDM00522,687985.0,DMS 273,Lung,Lung Neuroendocrine Tumor,Small Cell Lung Cancer,DMS273_LUNG,2.381069
ACH-000750,SIDM00149,905974.0,LOX IMVI,Skin,Melanoma,Melanoma,LOXIMVI_SKIN,2.0358007
ACH-000751,SIDM00458,1330985.0,OCI-M1,Myeloid,Acute Myeloid Leukemia,Acute Myeloid Leukemia,OCIM1_HAEMATOPOIETIC_AND_LYMPHOID_TISSUE,1.4492587
ACH-000752,SIDM00761,1240186.0,NCI-H196,Lung,SMARCA4-deficient undifferentiated tumor,SMARCA4-deficient undifferentiated tumor,NCIH196_LUNG,3.9020436
ACH-000754,SIDM00327,907322.0,L-428,Lymphoid,Hodgkin Lymphoma,Hodgkin Lymphoma,L428_HAEMATOPOIETIC_AND_LYMPHOID_TISSUE,2.3271425
ACH-000755,SIDM00772,749716.0,HCC2218,Breast,Breast Ductal Carcinoma In Situ,Breast Ductal Carcinoma In Situ,HCC2218_BREAST,2.8294885
ACH-000756,SIDM00273,906871.0,GI-1,CNS/Brain,Diffuse Glioma,Gliosarcoma,GI1_CENTRAL_NERVOUS_SYSTEM,2.332366
ACH-000757,SIDM00810,910851.0,A427,Lung,Non-Small Cell Lung Cancer,Lung Adenocarcinoma,A427_LUNG,2.0944612
ACH-000759,SIDM00633,908120.0,MDA-MB-175-VII,Breast,Invasive Breast Carcinoma,Breast Invasive Ductal Carcinoma,MDAMB175VII_BREAST,3.8811045
ACH-000763,SIDM01265,1659818.0,MM1-S,Lymphoid,Mature B-Cell Neoplasms,Plasma Cell Myeloma,MM1S_HAEMATOPOIETIC_AND_LYMPHOID_TISSUE,1.5983614
ACH-000766,SIDM00746,687799.0,NCI-H1648,Lung,Non-Small Cell Lung Cancer,Lung Adenocarcinoma,NCIH1648_LUNG,2.3136382
ACH-000767,SIDM01128,688025.0,NCI-H526,Lung,Lung Neuroendocrine Tumor,Small Cell Lung Cancer,NCIH526_LUNG,2.2581794
ACH-000768,SIDM00146,905960.0,MDA-MB-231,Breast,Invasive Breast Carcinoma,Invasive Breast Carcinoma,MDAMB231_BREAST,2.8637645
ACH-000769,SIDM00548,687787.0,LK-2,Lung,Non-Small Cell Lung Cancer,Lung Squamous Cell Carcinoma,LK2_LUNG,2.9858735
ACH-000770,SIDM00363,909253.0,P31/FUJ,Myeloid,Acute Myeloid Leukemia,Acute Myeloid Leukemia,P31FUJ_HAEMATOPOIETIC_AND_LYMPHOID_TISSUE,1.8264871
ACH-000772,SIDM01173,924248.0,TE 441.T,Soft Tissue,CIC-DUX4 Sarcoma,CIC-DUX4 Sarcoma,TE441T_SOFT_TISSUE,2.3980486
ACH-000775,SIDM01119,724855.0,NCI-H727,Lung,Lung Neuroendocrine Tumor,Lung Carcinoid,NCIH727_LUNG,4.023495
ACH-000776,SIDM00567,909248.0,ONS-76,CNS/Brain,Embryonal Tumor,Medulloblastoma,ONS76_CENTRAL_NERVOUS_SYSTEM,3.0714412
ACH-000778,SIDM00589,907061.0,HSC-3,Head and Neck,Head and Neck Squamous Cell Carcinoma,Oral Cavity Squamous Cell Carcinoma,HSC3_UPPER_AERODIGESTIVE_TRACT,2.3653493
ACH-000780,SIDM00652,908468.0,NCI-H1105,Lung,Lung Neuroendocrine Tumor,Small Cell Lung Cancer,NCIH1105_LUNG,3.1215734
ACH-000781,SIDM00753,1240187.0,NCI-H2023,Lung,Non-Small Cell Lung Cancer,Lung Adenocarcinoma,NCIH2023_LUNG,3.060528
ACH-000783,SIDM00920,946382.0,CAMA-1,Breast,Invasive Breast Carcinoma,Breast Invasive Lobular Carcinoma,CAMA1_BREAST,2.8809457
ACH-000784,SIDM01024,753576.0,KYSE-70,Esophagus/Stomach,Esophageal Squamous Cell Carcinoma,Esophageal Squamous Cell Carcinoma,KYSE70_OESOPHAGUS,4.2965016
ACH-000786,SIDM00845,906831.0,Daudi,Lymphoid,Mature B-Cell Neoplasms,Burkitt Lymphoma,DAUDI_HAEMATOPOIETIC_AND_LYMPHOID_TISSUE,2.0411367
ACH-000787,SIDM00339,753592.0,LXF-289,Lung,Non-Small Cell Lung Cancer,Lung Adenocarcinoma,LXF289_LUNG,2.6424723
ACH-000788,SIDM00797,906792.0,A2058,Skin,Melanoma,Melanoma,A2058_SKIN,2.5119052
ACH-000789,SIDM01116,925341.0,NCI-H810,Lung,Non-Small Cell Lung Cancer,Large Cell Lung Carcinoma,NCIH810_LUNG,3.15267
ACH-000790,SIDM01078,724872.0,SHP-77,Lung,Lung Neuroendocrine Tumor,Small Cell Lung Cancer,SHP77_LUNG,2.5542154
ACH-000792,SIDM00988,910698.0,BFTC-909,Kidney,Renal Cell Carcinoma,Renal Cell Carcinoma,BFTC909_KIDNEY,2.63855
ACH-000793,SIDM00687,907276.0,KATO III,Esophagus/Stomach,Esophagogastric Adenocarcinoma,Signet Ring Cell Carcinoma of the Stomach,KATOIII_STOMACH,3.8247206
ACH-000794,SIDM00485,1240121.0,BICR 22,Head and Neck,Head and Neck Squamous Cell Carcinoma,Oral Cavity Squamous Cell Carcinoma,BICR22_UPPER_AERODIGESTIVE_TRACT,2.428048
ACH-000800,SIDM00965,688023.0,NCI-H446,Lung,Lung Neuroendocrine Tumor,Small Cell Lung Cancer,NCIH446_LUNG,2.204636
ACH-000802,SIDM00989,910926.0,BFTC-905,Bladder/Urinary Tract,Bladder Urothelial Carcinoma,Bladder Urothelial Carcinoma,BFTC905_URINARY_TRACT,1.9193524
ACH-000803,SIDM00143,910692.0,COLO 668,Lung,Lung Neuroendocrine Tumor,Small Cell Lung Cancer,COLO668_LUNG,2.9450889
ACH-000804,SIDM00578,949179.0,NB-1,Peripheral Nervous System,Neuroblastoma,Neuroblastoma,NB1_AUTONOMIC_GANGLIA,2.803366
ACH-000805,SIDM00284,906818.0,COLO-679,Skin,Melanoma,Cutaneous Melanoma,COLO679_SKIN,3.1357214
ACH-000806,SIDM00329,907323.0,L-540,Lymphoid,Hodgkin Lymphoma,Hodgkin Lymphoma,L540_HAEMATOPOIETIC_AND_LYMPHOID_TISSUE,1.9118925
ACH-000809,SIDM01028,753574.0,KYSE-410,Esophagus/Stomach,Esophageal Squamous Cell Carcinoma,Esophageal Squamous Cell Carcinoma,KYSE410_OESOPHAGUS,4.053365
ACH-000810,SIDM00392,909726.0,SK-MEL-30,Skin,Melanoma,Cutaneous Melanoma,SKMEL30_SKIN,2.6966863
ACH-000811,SIDM00079,905959.0,SK-OV-3,Ovary/Fallopian Tube,Ovarian Epithelial Tumor,Serous Ovarian Cancer,SKOV3_OVARY,4.2102413
ACH-000812,SIDM00955,1240125.0,COLO-783,Skin,Melanoma,Melanoma,COLO783_SKIN,2.491274
ACH-000814,SIDM00663,1298144.0,Hs 939.T,Skin,Melanoma,Melanoma,HS939T_SKIN,2.5816085
ACH-000815,SIDM01018,909976.0,KM-H2,Lymphoid,Hodgkin Lymphoma,Hodgkin Lymphoma,KMH2_HAEMATOPOIETIC_AND_LYMPHOID_TISSUE,2.3883064
ACH-000816,SIDM01129,908483.0,NCI-H524,Lung,Lung Neuroendocrine Tumor,Small Cell Lung Cancer,NCIH524_LUNG,2.0688424
ACH-000817,SIDM00087,905964.0,RPMI 8226,Lymphoid,Mature B-Cell Neoplasms,Plasma Cell Myeloma,RPMI8226_HAEMATOPOIETIC_AND_LYMPHOID_TISSUE,1.8268
ACH-000818,SIDM00892,949093.0,BT-483,Breast,Invasive Breast Carcinoma,Breast Invasive Ductal Carcinoma,BT483_BREAST,5.5768514
ACH-000819,SIDM00685,1240168.0,LN-18,CNS/Brain,Diffuse Glioma,Glioblastoma,LN18_CENTRAL_NERVOUS_SYSTEM,2.9913673
ACH-000821,SIDM01048,1297447.0,EJM,Lymphoid,Mature B-Cell Neoplasms,Plasma Cell Myeloma,EJM_HAEMATOPOIETIC_AND_LYMPHOID_TISSUE,2.6193593
ACH-000822,SIDM01106,909725.0,SK-MEL-24,Skin,Melanoma,Melanoma,SKMEL24_SKIN,3.361832
ACH-000823,SIDM01032,753573.0,KYSE-140,Esophagus/Stomach,Esophageal Squamous Cell Carcinoma,Esophageal Squamous Cell Carcinoma,KYSE140_OESOPHAGUS,2.5006347
ACH-000824,SIDM01026,907321.0,KYSE-510,Esophagus/Stomach,Esophageal Squamous Cell Carcinoma,Esophageal Squamous Cell Carcinoma,KYSE510_OESOPHAGUS,2.6448498
ACH-000825,SIDM00134,905973.0,HOP-92,Lung,Non-Small Cell Lung Cancer,Non-Small Cell Lung Cancer,HOP92_LUNG,3.6103225
ACH-000826,SIDM00939,753540.0,CAL-12T,Lung,Non-Small Cell Lung Cancer,Non-Small Cell Lung Cancer,CAL12T_LUNG,2.7089014
ACH-000827,SIDM00973,1299081.0,WM793,Skin,Melanoma,Melanoma,WM793_SKIN,2.6254745
ACH-000828,SIDM00971,909907.0,ZR-75-30,Breast,Invasive Breast Carcinoma,Breast Invasive Lobular Carcinoma,ZR7530_BREAST,4.74302
ACH-000830,SIDM00697,908469.0,NCI-H1436,Lung,Lung Neuroendocrine Tumor,Small Cell Lung Cancer,NCIH1436_LUNG,2.8650806
ACH-000832,SIDM00937,910916.0,CAL 27,Head and Neck,Head and Neck Squamous Cell Carcinoma,Oral Cavity Squamous Cell Carcinoma,CAL27_UPPER_AERODIGESTIVE_TRACT,2.5376348
ACH-000835,SIDM00853,906999.0,GCT,Soft Tissue,Undifferentiated Pleomorphic Sarcoma/Malignant Fibrous Histiocytoma/High-Grade Spindle Cell Sarcoma,Undifferentiated Pleomorphic Sarcoma/Malignant Fibrous Histiocytoma/High-Grade Spindle Cell Sarcoma,GCT_SOFT_TISSUE,3.1947262
ACH-000837,SIDM00117,,NCI-H322,Lung,Non-Small Cell Lung Cancer,Lung Adenocarcinoma,NCIH322_LUNG,2.8814988
ACH-000838,SIDM00993,1295741.0,AMO-1,Lymphoid,Mature B-Cell Neoplasms,Plasma Cell Myeloma,AMO1_HAEMATOPOIETIC_AND_LYMPHOID_TISSUE,1.1405727
ACH-000840,SIDM01070,1240144.0,HCC-366,Lung,Non-Small Cell Lung Cancer,Lung Adenosquamous Carcinoma,HCC366_LUNG,3.3235266
ACH-000841,SIDM00708,724834.0,NCI-H2087,Lung,Non-Small Cell Lung Cancer,Lung Adenocarcinoma,NCIH2087_LUNG,3.929902
ACH-000843,SIDM00598,1240142.0,HARA,Lung,Non-Small Cell Lung Cancer,Lung Squamous Cell Carcinoma,HARA_LUNG,2.322932
ACH-000846,SIDM00860,906863.0,FaDu,Head and Neck,Head and Neck Squamous Cell Carcinoma,Hypopharynx Squamous Cell Carcinoma,FADU_UPPER_AERODIGESTIVE_TRACT,2.6673708
ACH-000847,SIDM00290,907055.0,HGC-27,Esophagus/Stomach,Esophagogastric Adenocarcinoma,Stomach Adenocarcinoma,HGC27_STOMACH,2.0789177
ACH-000848,SIDM00614,1240160.0,JHH-7,Liver,Hepatocellular Carcinoma,Hepatocellular Carcinoma,JHH7_LIVER,3.8176317
ACH-000849,SIDM00628,908123.0,MDA-MB-468,Breast,Invasive Breast Carcinoma,Invasive Breast Carcinoma,MDAMB468_BREAST,2.210709
ACH-000852,SIDM00658,1298347.0,NCI-H1435,Lung,Non-Small Cell Lung Cancer,Lung Adenocarcinoma,NCIH1435_LUNG,3.3583937
ACH-000853,SIDM01122,687829.0,NCI-H661,Lung,Non-Small Cell Lung Cancer,Large Cell Lung Carcinoma,NCIH661_LUNG,3.7115154
ACH-000855,SIDM01031,907317.0,KYSE-150,Esophagus/Stomach,Esophageal Squamous Cell Carcinoma,Esophageal Squamous Cell Carcinoma,KYSE150_OESOPHAGUS,2.1720104
ACH-000856,SIDM00933,910927.0,CAL-51,Breast,Invasive Breast Carcinoma,Invasive Breast Carcinoma,CAL51_BREAST,2.5271854
ACH-000857,SIDM00928,910852.0,CAL-85-1,Breast,Invasive Breast Carcinoma,Breast Invasive Ductal Carcinoma,CAL851_BREAST,3.069577
ACH-000858,SIDM00606,753569.0,KNS-62,Lung,Non-Small Cell Lung Cancer,Lung Squamous Cell Carcinoma,KNS62_LUNG,3.1581163
ACH-000859,SIDM00872,749709.0,HCC1954,Breast,Breast Ductal Carcinoma In Situ,Breast Ductal Carcinoma In Situ,HCC1954_BREAST,2.785158
ACH-000860,SIDM00718,908465.0,NCI-H358,Lung,Non-Small Cell Lung Cancer,Lung Adenocarcinoma,NCIH358_LUNG,3.5186863
ACH-000861,SIDM00133,905972.0,HOP-62,Lung,Non-Small Cell Lung Cancer,Lung Adenocarcinoma,HOP62_LUNG,3.707971
ACH-000863,SIDM00867,906835.0,DBTRG-05MG,CNS/Brain,Diffuse Glioma,Glioblastoma,DBTRG05MG_CENTRAL_NERVOUS_SYSTEM,4.9221945
ACH-000864,SIDM00142,910691.0,COLO 684,Uterus,Endometrial Carcinoma,Endometrial Carcinoma,COLO684_ENDOMETRIUM,3.034808
ACH-000865,SIDM01027,907320.0,KYSE-450,Esophagus/Stomach,Esophageal Squamous Cell Carcinoma,Esophageal Squamous Cell Carcinoma,KYSE450_OESOPHAGUS,2.9743762
ACH-000866,SIDM00654,687995.0,NCI-H1048,Lung,Lung Neuroendocrine Tumor,Small Cell Lung Cancer,NCIH1048_LUNG,2.6488745
ACH-000867,SIDM00924,687596.0,ChaGo-K-1,Lung,Non-Small Cell Lung Cancer,Non-Small Cell Lung Cancer,CHAGOK1_LUNG,3.1251252
ACH-000869,SIDM00750,1298348.0,NCI-H1568,Lung,Non-Small Cell Lung Cancer,Lung Adenocarcinoma,NCIH1568_LUNG,3.9160483
ACH-000871,SIDM00927,753605.0,NCI-H510,Lung,Lung Neuroendocrine Tumor,Small Cell Lung Cancer,NCIH510_LUNG,2.4406805
ACH-000873,SIDM01029,907319.0,KYSE-270,Esophagus/Stomach,Esophageal Squamous Cell Carcinoma,Esophageal Squamous Cell Carcinoma,KYSE270_OESOPHAGUS,2.7416215
ACH-000874,SIDM01086,909703.0,RS4;11,Lymphoid,B-Lymphoblastic Leukemia/Lymphoma,B-Lymphoblastic Leukemia/Lymphoma with t(v;11q23.3);KMT2A Rearranged,RS411_HAEMATOPOIETIC_AND_LYMPHOID_TISSUE,1.5069107
ACH-000875,SIDM00726,687820.0,NCI-H2347,Lung,Non-Small Cell Lung Cancer,Lung Adenocarcinoma,NCIH2347_LUNG,4.8251753
ACH-000876,SIDM00630,924240.0,MDA-MB-415,Breast,Invasive Breast Carcinoma,Invasive Breast Carcinoma,MDAMB415_BREAST,2.6749794
ACH-000878,SIDM01072,1240143.0,HCC-15,Lung,Non-Small Cell Lung Cancer,Lung Squamous Cell Carcinoma,HCC15_LUNG,3.2601907
ACH-000879,SIDM00334,908130.0,MFE-296,Uterus,Endometrial Carcinoma,Endometrial Carcinoma,MFE296_ENDOMETRIUM,3.4683986
ACH-000880,SIDM00850,906790.0,AGS,Esophagus/Stomach,Esophagogastric Adenocarcinoma,Stomach Adenocarcinoma,AGS_STOMACH,1.8908116
ACH-000881,SIDM00336,908125.0,MEL-JUSO,Skin,Melanoma,Cutaneous Melanoma,MELJUSO_SKIN,3.482413
ACH-000882,SIDM01060,907169.0,IGR-1,Skin,Melanoma,Melanoma,IGR1_SKIN,2.9971263
ACH-000883,SIDM01164,909750.0,SW 1783,CNS/Brain,Diffuse Glioma,Anaplastic Astrocytoma,SW1783_CENTRAL_NERVOUS_SYSTEM,2.5410597
ACH-000885,SIDM01169,1240222.0,TOV-21G,Ovary/Fallopian Tube,Ovarian Epithelial Tumor,Clear Cell Ovarian Cancer,TOV21G_OVARY,2.7343917
ACH-000886,SIDM00756,724873.0,NCI-H2009,Lung,Non-Small Cell Lung Cancer,Lung Adenocarcinoma,NCIH2009_LUNG,2.8017347
ACH-000888,SIDM00755,908463.0,NCI-H1793,Lung,Non-Small Cell Lung Cancer,Lung Adenocarcinoma,NCIH1793_LUNG,4.654692
ACH-000890,SIDM01156,1299062.0,SW 1271,Lung,SMARCA4-deficient undifferentiated tumor,SMARCA4-deficient undifferentiated tumor,SW1271_LUNG,4.24356
ACH-000892,SIDM00751,753600.0,NCI-H1563,Lung,Non-Small Cell Lung Cancer,Lung Adenocarcinoma,NCIH1563_LUNG,3.5271788
ACH-000893,SIDM00744,910900.0,NCI-H1651,Lung,Non-Small Cell Lung Cancer,Lung Adenocarcinoma,NCIH1651_LUNG,2.8711352
ACH-000894,SIDM00768,1240183.0,NCI-H1869,Lung,Non-Small Cell Lung Cancer,Lung Squamous Cell Carcinoma,NCIH1869_LUNG,3.668288
ACH-000896,SIDM00983,906797.0,647-V,Bladder/Urinary Tract,Bladder Urothelial Carcinoma,Bladder Urothelial Carcinoma,647V_URINARY_TRACT,2.9111023
ACH-000900,SIDM00138,905942.0,NCI-H23,Lung,Non-Small Cell Lung Cancer,Lung Adenocarcinoma,NCIH23_LUNG,2.7962413
ACH-000902,SIDM00938,924106.0,CAL-148,Breast,Invasive Breast Carcinoma,Breast Invasive Ductal Carcinoma,CAL148_BREAST,2.049206
ACH-000903,SIDM00213,906864.0,FTC-133,Thyroid,Well-Differentiated Thyroid Cancer,Follicular Thyroid Cancer,FTC133_THYROID,3.0611665
ACH-000905,SIDM00807,687452.0,5637,Bladder/Urinary Tract,Bladder Urothelial Carcinoma,Bladder Urothelial Carcinoma,5637_URINARY_TRACT,2.8775182
ACH-000906,SIDM00861,1240128.0,ES-2,Ovary/Fallopian Tube,Ovarian Epithelial Tumor,Clear Cell Ovarian Cancer,ES2_OVARY,2.8482797
ACH-000910,SIDM00272,908122.0,MDA-MB-453,Breast,Invasive Breast Carcinoma,Invasive Breast Carcinoma,MDAMB453_BREAST,2.3178391
ACH-000911,SIDM00572,908455.0,NUGC-3,Esophagus/Stomach,Esophagogastric Adenocarcinoma,Stomach Adenocarcinoma,NUGC3_STOMACH,2.8841913
ACH-000913,SIDM01043,907000.0,ESS-1,Uterus,Uterine Sarcoma/Mesenchymal,Endometrial Stromal Sarcoma,ESS1_ENDOMETRIUM,1.9586132
ACH-000914,SIDM00661,907063.0,HT,Lymphoid,Mature B-Cell Neoplasms,"Diffuse Large B-Cell Lymphoma, NOS",HT_HAEMATOPOIETIC_AND_LYMPHOID_TISSUE,2.0678632
ACH-000915,SIDM01059,907171.0,IPC-298,Skin,Melanoma,Cutaneous Melanoma,IPC298_SKIN,2.1685574
ACH-000916,SIDM00749,908472.0,NCI-H1573,Lung,Non-Small Cell Lung Cancer,Lung Adenocarcinoma,NCIH1573_LUNG,3.686348
ACH-000917,SIDM00250,1503371.0,TE-4,Esophagus/Stomach,Esophageal Squamous Cell Carcinoma,Esophageal Squamous Cell Carcinoma,TE4_OESOPHAGUS,2.764992
ACH-000918,SIDM00431,908147.0,MOLT-16,Lymphoid,T-Lymphoblastic Leukemia/Lymphoma,T-Lymphoblastic Leukemia/Lymphoma,MOLT16_HAEMATOPOIETIC_AND_LYMPHOID_TISSUE,1.1018654
ACH-000919,SIDM00602,1240155.0,IM95,Esophagus/Stomach,Esophagogastric Adenocarcinoma,Stomach Adenocarcinoma,IM95_STOMACH,2.7893217
ACH-000920,SIDM00958,910951.0,CML-T1,Myeloid,Myeloproliferative Neoplasms,"Chronic Myeloid Leukemia, BCR-ABL1+",CMLT1_HAEMATOPOIETIC_AND_LYMPHOID_TISSUE,1.3110245
ACH-000922,SIDM00449,1330994.0,RCH-ACV,Lymphoid,B-Lymphoblastic Leukemia/Lymphoma,B-Lymphoblastic Leukemia/Lymphoma with t(1;19)(q23;p13.3);TCF3-PBX1,RCHACV_HAEMATOPOIETIC_AND_LYMPHOID_TISSUE,0.8219772
ACH-000924,SIDM00926,1298353.0,NCI-H2172,Lung,Non-Small Cell Lung Cancer,Non-Small Cell Lung Cancer,NCIH2172_LUNG,3.6637313
ACH-000926,SIDM00541,907287.0,HT-55,Bowel,Colorectal Adenocarcinoma,Colon Adenocarcinoma,HT55_LARGE_INTESTINE,2.771882
ACH-000927,SIDM00963,946359.0,BT-474,Breast,Invasive Breast Carcinoma,Breast Invasive Ductal Carcinoma,BT474_BREAST,4.166927
ACH-000929,SIDM00703,1298351.0,NCI-H2110,Lung,Non-Small Cell Lung Cancer,Non-Small Cell Lung Cancer,NCIH2110_LUNG,2.1220236
ACH-000930,SIDM00878,907046.0,HCC1569,Breast,Invasive Breast Carcinoma,Breast Invasive Ductal Carcinoma,HCC1569_BREAST,2.4848168
ACH-000932,SIDM01146,908444.0,SNU-1,Esophagus/Stomach,Esophagogastric Adenocarcinoma,Stomach Adenocarcinoma,SNU1_STOMACH,2.720485
ACH-000934,SIDM00528,908121.0,MDA-MB-361,Breast,Invasive Breast Carcinoma,Invasive Breast Carcinoma,MDAMB361_BREAST,2.7653093
ACH-000935,SIDM00527,1240173.0,MDST8,Bowel,Colorectal Adenocarcinoma,Colon Adenocarcinoma,MDST8_LARGE_INTESTINE,2.4250152
ACH-000936,SIDM01051,906852.0,EFO-27,Ovary/Fallopian Tube,Ovarian Epithelial Tumor,Mucinous Ovarian Cancer,EFO27_OVARY,3.449478
ACH-000937,SIDM00451,909260.0,PF-382,Lymphoid,T-Lymphoblastic Leukemia/Lymphoma,T-Lymphoblastic Leukemia/Lymphoma,PF382_HAEMATOPOIETIC_AND_LYMPHOID_TISSUE,1.8713568
ACH-000938,SIDM00429,908158.0,NALM-6,Lymphoid,B-Lymphoblastic Leukemia/Lymphoma,B-Lymphoblastic Leukemia/Lymphoma,NALM6_HAEMATOPOIETIC_AND_LYMPHOID_TISSUE,1.2563761
ACH-000939,SIDM01113,909732.0,SK-UT-1,Uterus,Uterine Sarcoma/Mesenchymal,Uterine Leiomyosarcoma,SKUT1_SOFT_TISSUE,2.90107
ACH-000940,SIDM00901,910781.0,AN3 CA,Uterus,Endometrial Carcinoma,Endometrial Carcinoma,AN3CA_ENDOMETRIUM,2.6333375
ACH-000943,SIDM01090,909698.0,RKO,Bowel,Colorectal Adenocarcinoma,Colon Adenocarcinoma,RKO_LARGE_INTESTINE,2.4196045
ACH-000944,SIDM00641,908159.0,NAMALWA,Lymphoid,Mature B-Cell Neoplasms,Burkitt Lymphoma,NAMALWA_HAEMATOPOIETIC_AND_LYMPHOID_TISSUE,1.4579228
ACH-000945,SIDM01124,722066.0,NCI-H650,Lung,Non-Small Cell Lung Cancer,Lung Adenocarcinoma,NCIH650_LUNG,3.3638146
ACH-000947,SIDM00238,1480371.0,OVK18,Ovary/Fallopian Tube,Ovarian Epithelial Tumor,Endometrioid Ovarian Cancer,OVK18_OVARY,2.8422904
ACH-000948,SIDM00980,910924.0,23132/87,Esophagus/Stomach,Esophagogastric Adenocarcinoma,Stomach Adenocarcinoma,2313287_STOMACH,2.5477083
ACH-000949,SIDM00251,909770.0,TGBC11TKB,Esophagus/Stomach,Esophagogastric Adenocarcinoma,Stomach Adenocarcinoma,TGBC11TKB_STOMACH,2.8389106
ACH-000950,SIDM00839,907790.0,LoVo,Bowel,Colorectal Adenocarcinoma,Colon Adenocarcinoma,LOVO_LARGE_INTESTINE,2.5144734
ACH-000951,SIDM00727,687819.0,NCI-H2342,Lung,Non-Small Cell Lung Cancer,Lung Adenocarcinoma,NCIH2342_LUNG,3.7477057
ACH-000953,SIDM01154,909743.0,SUP-T1,Lymphoid,T-Lymphoblastic Leukemia/Lymphoma,T-Lymphoblastic Leukemia/Lymphoma,SUPT1_HAEMATOPOIETIC_AND_LYMPHOID_TISSUE,2.0532637
ACH-000955,SIDM00214,1660034.0,SNU-407,Bowel,Colorectal Adenocarcinoma,Colon Adenocarcinoma,SNU407_LARGE_INTESTINE,2.9241207
ACH-000956,SIDM00499,924100.0,22Rv1,Prostate,Prostate Adenocarcinoma,Prostate Adenocarcinoma,22RV1_PROSTATE,3.098838
ACH-000957,SIDM00680,998189.0,LS 180,Bowel,Colorectal Adenocarcinoma,Colon Adenocarcinoma,LS180_LARGE_INTESTINE,3.245815
ACH-000958,SIDM00837,909751.0,SW48,Bowel,Colorectal Adenocarcinoma,Colon Adenocarcinoma,SW48_LARGE_INTESTINE,2.3919907
ACH-000960,SIDM00447,909696.0,Reh,Lymphoid,B-Lymphoblastic Leukemia/Lymphoma,B-Lymphoblastic Leukemia/Lymphoma with t(12;21)(p13.2;q22.1); ETV6-RUNX1,REH_HAEMATOPOIETIC_AND_LYMPHOID_TISSUE,2.0274282
ACH-000962,SIDM00220,909257.0,OC 314,Ovary/Fallopian Tube,Ovarian Epithelial Tumor,Serous Ovarian Cancer,OC314_OVARY,2.121759
ACH-000963,SIDM00487,1240123.0,CCK-81,Bowel,Colorectal Adenocarcinoma,Colon Adenocarcinoma,CCK81_LARGE_INTESTINE,2.4255698
ACH-000965,SIDM01088,930082.0,RL95-2,Uterus,Endometrial Carcinoma,Uterine Adenosquamous Carcinoma,RL952_ENDOMETRIUM,2.7003598
ACH-000966,SIDM00151,905968.0,IGROV1,Ovary/Fallopian Tube,Ovarian Epithelial Tumor,Endometrioid Ovarian Cancer,IGROV1_OVARY,2.3316445
ACH-000968,SIDM00140,906814.0,COLO 792,Skin,Melanoma,Melanoma,COLO792_SKIN,2.7344966
ACH-000969,SIDM00150,905989.0,KM12,Bowel,Colorectal Adenocarcinoma,Colon Adenocarcinoma,KM12_LARGE_INTESTINE,2.6688747
ACH-000970,SIDM00498,1674021.0,SNU-C5,Bowel,Colorectal Adenocarcinoma,Colon Adenocarcinoma,SNUC5_LARGE_INTESTINE,2.9927692
ACH-000971,SIDM00783,905936.0,HCT 116,Bowel,Colorectal Adenocarcinoma,Colon Adenocarcinoma,HCT116_LARGE_INTESTINE,2.298398
ACH-000973,SIDM00999,906798.0,639-V,Bladder/Urinary Tract,Urethral Cancer,Urethral Urothelial Carcinoma,639V_URINARY_TRACT,2.7709103
ACH-000974,SIDM00373,909735.0,SNG-M,Uterus,Endometrial Carcinoma,Endometrial Carcinoma,SNGM_ENDOMETRIUM,2.7404487
ACH-000976,SIDM00587,907069.0,HuCCT1,Biliary Tract,Intraductal Papillary Neoplasm of the Bile Duct,Intrahepatic Cholangiocarcinoma,HUCCT1_BILIARY_TRACT,3.3541064
ACH-000977,SIDM00683,907788.0,LNCaP clone FGC,Prostate,Prostate Adenocarcinoma,Prostate Adenocarcinoma,LNCAPCLONEFGC_PROSTATE,2.114883
ACH-000978,SIDM01045,1240127.0,EN,Uterus,Endometrial Carcinoma,Endometrial Carcinoma,EN_ENDOMETRIUM,3.493785
ACH-000979,SIDM00120,905935.0,DU 145,Prostate,Prostate Adenocarcinoma,Prostate Adenocarcinoma,DU145_PROSTATE,4.0541363
ACH-000980,SIDM00651,908467.0,NCI-H1155,Lung,Non-Small Cell Lung Cancer,Large Cell Lung Carcinoma,NCIH1155_LUNG,2.3842402
ACH-000981,SIDM00946,1297446.0,DND-41,Lymphoid,T-Lymphoblastic Leukemia/Lymphoma,T-Lymphoblastic Leukemia/Lymphoma,DND41_HAEMATOPOIETIC_AND_LYMPHOID_TISSUE,1.8218352
ACH-000983,SIDM01004,1330931.0,KCL-22,Myeloid,Myeloproliferative Neoplasms,"Chronic Myeloid Leukemia, BCR-ABL1+",KCL22_HAEMATOPOIETIC_AND_LYMPHOID_TISSUE,1.7220076
ACH-000985,SIDM00660,907794.0,LS411N,Bowel,Colorectal Adenocarcinoma,Colon Adenocarcinoma,LS411N_LARGE_INTESTINE,3.1156998
ACH-000986,SIDM00534,907289.0,HT115,Bowel,Colorectal Adenocarcinoma,Colon Adenocarcinoma,HT115_LARGE_INTESTINE,2.8610868
ACH-000987,SIDM00545,908128.0,MeWo,Skin,Melanoma,Cutaneous Melanoma,MEWO_SKIN,3.5446322
ACH-000988,SIDM00333,1240174.0,MFE-319,Uterus,Endometrial Carcinoma,Uterine Adenosquamous Carcinoma,MFE319_ENDOMETRIUM,3.0027435
ACH-000989,SIDM00216,1659928.0,SNU-175,Bowel,Colorectal Adenocarcinoma,Mucinous Adenocarcinoma of the Colon and Rectum,SNU175_LARGE_INTESTINE,2.1787314
ACH-000991,SIDM00193,1660036.0,SNU-81,Bowel,Colorectal Adenocarcinoma,Colon Adenocarcinoma,SNU81_LARGE_INTESTINE,3.1697927
ACH-000995,SIDM01016,998184.0,JURKAT,Lymphoid,T-Lymphoblastic Leukemia/Lymphoma,T-Lymphoblastic Leukemia/Lymphoma,JURKAT_HAEMATOPOIETIC_AND_LYMPHOID_TISSUE,1.6872327
ACH-000997,SIDM00789,905937.0,HCT-15,Bowel,Colorectal Adenocarcinoma,Colon Adenocarcinoma,HCT15_LARGE_INTESTINE,2.3736973
ACH-000998,SIDM00282,910554.0,CW-2,Bowel,Colorectal Adenocarcinoma,Colon Adenocarcinoma,CW2_LARGE_INTESTINE,3.0264606
ACH-000999,SIDM00217,1659823.0,SNU-1040,Bowel,Colorectal Adenocarcinoma,Colon Adenocarcinoma,SNU1040_LARGE_INTESTINE,3.4157119
ACH-001016,SIDM00490,906746.0,Becker,CNS/Brain,Diffuse Glioma,Astrocytoma,BECKER_CENTRAL_NERVOUS_SYSTEM,3.3265254
ACH-001064,SIDM00863,906846.0,EB-2,Lymphoid,Mature B-Cell Neoplasms,Burkitt Lymphoma,EB2_HAEMATOPOIETIC_AND_LYMPHOID_TISSUE,2.162212
ACH-001075,SIDM00493,753604.0,NCI-H292,Lung,Non-Small Cell Lung Cancer,Mucoepidermoid Carcinoma of the Lung,NCIH292_LUNG,1.5289887
ACH-001086,SIDM00846,1298134.0,HeLa,Cervix,Cervical Adenocarcinoma,Endocervical Adenocarcinoma,HELA_CERVIX,2.930398
ACH-001106,SIDM01034,1330933.0,KOPN-8,Lymphoid,B-Lymphoblastic Leukemia/Lymphoma,B-Lymphoblastic Leukemia/Lymphoma with t(v;11q23.3);KMT2A Rearranged,KOPN8_HAEMATOPOIETIC_AND_LYMPHOID_TISSUE,1.4360057
ACH-001151,SIDM00091,905969.0,OVCAR-5,Ovary/Fallopian Tube,Ovarian Epithelial Tumor,High-Grade Serous Ovarian Cancer,OVCAR5_OVARY,3.8082662
ACH-001190,SIDM00082,905955.0,SK-MEL-2,Skin,Melanoma,Melanoma,SKMEL2_SKIN,3.4118679
ACH-001193,SIDM01097,909731.0,SK-PN-DW,Bone,Ewing Sarcoma,Ewing Sarcoma,SKPNDW_BONE,2.042646
ACH-001227,SIDM00399,1299052.0,UPCI-SCC-090,Head and Neck,Head and Neck Squamous Cell Carcinoma,Oral Cavity Squamous Cell Carcinoma,UPCISCC090_UPPER_AERODIGESTIVE_TRACT,3.350649
ACH-001274,SIDM01161,909759.0,SW982,Soft Tissue,Synovial Sarcoma,Synovial Sarcoma,SW982_SOFT_TISSUE,2.4277146
ACH-001306,SIDM00997,906795.0,8305C,Thyroid,Anaplastic Thyroid Cancer,Anaplastic Thyroid Cancer,8305C_THYROID,3.51462
ACH-001307,SIDM00996,924102.0,8505C,Thyroid,Anaplastic Thyroid Cancer,Anaplastic Thyroid Cancer,8505C_THYROID,3.5197132
ACH-001321,SIDM00484,,TT,Thyroid,Medullary Thyroid Cancer,Medullary Thyroid Cancer,TT_THYROID,4.4568095
ACH-001328,SIDM00995,910925.0,A-431,Skin,Cutaneous Squamous Cell Carcinoma,Cutaneous Squamous Cell Carcinoma,A431_SKIN,2.3108232
ACH-001332,SIDM00501,1240122.0,BICR 78,Head and Neck,Head and Neck Squamous Cell Carcinoma,Oral Cavity Squamous Cell Carcinoma,BICR78_UPPER_AERODIGESTIVE_TRACT,3.5453975
ACH-001333,SIDM00889,687505.0,C-33 A,Cervix,Cervical Squamous Cell Carcinoma,Cervical Squamous Cell Carcinoma,C33A_CERVIX,2.2594323
ACH-001334,SIDM00905,687506.0,C-4 I,Cervix,Cervical Squamous Cell Carcinoma,Cervical Squamous Cell Carcinoma,C4I_CERVIX,2.800049
ACH-001336,SIDM00923,906824.0,Ca Ski,Cervix,Cervical Squamous Cell Carcinoma,Cervical Squamous Cell Carcinoma,CASKI_CERVIX,2.730885
ACH-001338,SIDM00285,910941.0,CHP-134,Peripheral Nervous System,Neuroblastoma,Neuroblastoma,CHP134_AUTONOMIC_GANGLIA,2.2948384
ACH-001341,SIDM00864,906843.0,DoTc2 4510,Cervix,Mixed Cervical Carcinoma,Mixed Cervical Carcinoma,DOTC24510_CERVIX,2.8649898
ACH-001344,SIDM00227,906872.0,GI-ME-N,Peripheral Nervous System,Neuroblastoma,Neuroblastoma,GIMEN_AUTONOMIC_GANGLIA,3.6176386
ACH-001345,SIDM00537,907291.0,GP5d,Bowel,Colorectal Adenocarcinoma,Colon Adenocarcinoma,GP5D_LARGE_INTESTINE,2.335184
ACH-001350,SIDM00496,924151.0,HTC-C3,Thyroid,Anaplastic Thyroid Cancer,Anaplastic Thyroid Cancer,HTCC3_THYROID,2.9346075
ACH-001360,SIDM00638,1240179.0,MS751,Cervix,Cervical Squamous Cell Carcinoma,Cervical Squamous Cell Carcinoma,MS751_CERVIX,2.91324
ACH-001368,SIDM00444,1503363.0,OAC-M5.1,Esophagus/Stomach,Esophagogastric Adenocarcinoma,Esophageal Adenocarcinoma,OACM51_OESOPHAGUS,2.8983521
ACH-001373,SIDM00476,1480361.0,OV17R,Ovary/Fallopian Tube,Ovarian Epithelial Tumor,Serous Ovarian Cancer,OV17R_OVARY,2.6315854
ACH-001374,SIDM01140,909255.0,PA-1 [PA1],Ovary/Fallopian Tube,Ovarian Germ Cell Tumor,Mixed Germ Cell Tumor,PA1_OVARY,1.7007585
ACH-001384,SIDM00218,930083.0,RO82-W-1,Thyroid,Well-Differentiated Thyroid Cancer,Follicular Thyroid Cancer,RO82W1_THYROID,5.6402197
ACH-001398,SIDM01162,1240220.0,SW 156,Kidney,Renal Cell Carcinoma,Renal Cell Carcinoma,SW156_KIDNEY,3.2417161
ACH-001399,SIDM01168,909753.0,SW 626,Bowel,Colorectal Adenocarcinoma,Colon Adenocarcinoma,SW626_LARGE_INTESTINE,3.7958071
ACH-001400,SIDM01157,924247.0,SW 954,Vulva/Vagina,Squamous Cell Carcinoma of the Vulva/Vagina,Squamous Cell Carcinoma of the Vulva/Vagina,SW954_CERVIX,1.9659468
ACH-001401,SIDM00814,909744.0,SW-13,Adrenal Gland,Adrenocortical Carcinoma,Adrenocortical Carcinoma,SW13_ADRENAL_CORTEX,2.1964703
ACH-001402,SIDM01174,724839.0,SW756,Cervix,Cervical Squamous Cell Carcinoma,Cervical Squamous Cell Carcinoma,SW756_CERVIX,4.728479
ACH-001418,SIDM00815,1480374.0,UWB1.289,Ovary/Fallopian Tube,Ovarian Epithelial Tumor,Serous Ovarian Cancer,UWB1289_OVARY,2.6246066
ACH-001442,SIDM00794,910697.0,A388,Skin,Cutaneous Squamous Cell Carcinoma,Cutaneous Squamous Cell Carcinoma,A388_SKIN,2.4432395
ACH-001443,SIDM00491,1290722.0,ASH-3,Thyroid,Anaplastic Thyroid Cancer,Anaplastic Thyroid Cancer,ASH3_THYROID,3.0628784
ACH-001453,SIDM00964,924105.0,BPH-1,Prostate,Non-Cancerous,"Hyperplasia, Prostate",BPH1_PROSTATE,2.3450842
ACH-001489,SIDM00508,1322212.0,COR-L32,Lung,Non-Small Cell Lung Cancer,Lung Squamous Cell Carcinoma,CORL32_LUNG,2.5498807
ACH-001496,SIDM00539,1503366.0,ESO26,Esophagus/Stomach,Esophagogastric Adenocarcinoma,Adenocarcinoma of the Gastroesophageal Junction,ESO26_OESOPHAGUS,3.3498068
ACH-001497,SIDM00538,1503367.0,ESO51,Esophagus/Stomach,Esophagogastric Adenocarcinoma,Esophageal Adenocarcinoma,ESO51_OESOPHAGUS,3.048669
ACH-001498,SIDM00859,1297449.0,Farage,Lymphoid,Mature B-Cell Neoplasms,Germinal Center B-Cell Type,FARAGE_HAEMATOPOIETIC_AND_LYMPHOID_TISSUE,1.1678873
ACH-001500,SIDM01041,1503361.0,FLO-1,Esophagus/Stomach,Esophagogastric Adenocarcinoma,Esophageal Adenocarcinoma,FLO1_OESOPHAGUS,2.5464773
ACH-001517,SIDM00596,907051.0,HEC-1,Uterus,Endometrial Carcinoma,Endometrial Carcinoma,HEC1_ENDOMETRIUM,3.9797022
ACH-001519,SIDM00535,907290.0,H-EMC-SS,Bone,Chondrosarcoma,Extraskeletal Myxoid Chondrosarcoma,HEMCSS_BONE,3.8334973
ACH-001525,SIDM00679,907068.0,HT-3,Cervix,Cervical Adenocarcinoma,Cervical Adenocarcinoma,HT3_CERVIX,3.1880424
ACH-001526,SIDM00599,907072.0,HuO9,Bone,Osteosarcoma,Osteosarcoma,HUO9_BONE,2.1890395
ACH-001528,SIDM00600,1240154.0,IHH-4,Thyroid,Well-Differentiated Thyroid Cancer,Papillary Thyroid Cancer,IHH4_THYROID,2.168996
ACH-001529,SIDM01039,907175.0,JAR,Uterus,Gestational Trophoblastic Disease,Choriocarcinoma,JAR_PLACENTA,1.9010863
ACH-001530,SIDM01218,907176.0,JEG-3,Uterus,Gestational Trophoblastic Disease,Choriocarcinoma,JEG3_PLACENTA,2.9706225
ACH-001542,SIDM00604,1298215.0,KON,Head and Neck,Head and Neck Squamous Cell Carcinoma,Oral Cavity Squamous Cell Carcinoma,KON_UPPER_AERODIGESTIVE_TRACT,1.9282608
ACH-001543,SIDM00603,753570.0,KOSC-2,Head and Neck,Head and Neck Squamous Cell Carcinoma,Oral Cavity Squamous Cell Carcinoma,KOSC2CL343_UPPER_AERODIGESTIVE_TRACT,2.0295844
ACH-001549,SIDM00294,713899.0,Lu-135,Lung,Lung Neuroendocrine Tumor,Small Cell Lung Cancer,LU135_LUNG,2.7603927
ACH-001578,SIDM00655,908441.0,NCCIT,Testis,Non-Seminomatous Germ Cell Tumor,Embryonal Carcinoma,NCCIT_TESTIS,2.553447
ACH-001603,SIDM00577,908447.0,NH-12,Peripheral Nervous System,Neuroblastoma,Neuroblastoma,NH12_AUTONOMIC_GANGLIA,2.7318425
ACH-001605,SIDM00574,908452.0,no.10,CNS/Brain,Diffuse Glioma,Glioblastoma,NO10_CENTRAL_NERVOUS_SYSTEM,3.0539277
ACH-001617,SIDM00459,1659819.0,OCI-LY7,Lymphoid,Mature B-Cell Neoplasms,"Diffuse Large B-Cell Lymphoma, NOS",OCILY7_HAEMATOPOIETIC_AND_LYMPHOID_TISSUE,0.431702
ACH-001625,SIDM00566,1298362.0,OSC-19,Head and Neck,Head and Neck Squamous Cell Carcinoma,Oral Cavity Squamous Cell Carcinoma,OSC19_UPPER_AERODIGESTIVE_TRACT,2.524704
ACH-001626,SIDM00565,1240196.0,OSC-20,Head and Neck,Head and Neck Squamous Cell Carcinoma,Oral Cavity Squamous Cell Carcinoma,OSC20_UPPER_AERODIGESTIVE_TRACT,3.7272105
ACH-001630,SIDM00472,1480372.0,PEO1,Ovary/Fallopian Tube,Ovarian Epithelial Tumor,Serous Ovarian Cancer,PEO1_OVARY,3.8392115
ACH-001638,SIDM00448,1330995.0,RC-K8,Lymphoid,Mature B-Cell Neoplasms,Germinal Center B-Cell Type,RCK8_HAEMATOPOIETIC_AND_LYMPHOID_TISSUE,2.5183442
ACH-001641,SIDM00350,1299050.0,SAT,Head and Neck,Head and Neck Squamous Cell Carcinoma,Head and Neck Squamous Cell Carcinoma,SAT_UPPER_AERODIGESTIVE_TRACT,3.1811767
ACH-001642,SIDM00384,910930.0,SCC-3,Lymphoid,Non-Hodgkin Lymphoma,Mature B-Cell Neoplasms,SCC3_HAEMATOPOIETIC_AND_LYMPHOID_TISSUE,1.4673321
ACH-001650,SIDM00394,1240212.0,SISO,Cervix,Cervical Adenocarcinoma,Cervical Adenocarcinoma,SISO_CERVIX,3.259257
ACH-001653,SIDM00393,1503364.0,SK-GT-2,Esophagus/Stomach,Esophagogastric Adenocarcinoma,Stomach Adenocarcinoma,SKGT2_STOMACH,2.6447337
ACH-001654,SIDM00483,1503365.0,SK-GT-4,Esophagus/Stomach,Esophagogastric Adenocarcinoma,Esophageal Adenocarcinoma,SKGT4_OESOPHAGUS,4.3884554
ACH-001655,SIDM00377,1240215.0,SKN,Uterus,Uterine Sarcoma/Mesenchymal,Uterine Leiomyosarcoma,SKN_ENDOMETRIUM,3.4127178
ACH-001674,SIDM00324,910780.0,TGW,Peripheral Nervous System,Neuroblastoma,Neuroblastoma,TGW_AUTONOMIC_GANGLIA,2.3177538
ACH-001680,SIDM00424,909777.0,U-698-M,Lymphoid,B-Lymphoblastic Leukemia/Lymphoma,B-Lymphoblastic Leukemia/Lymphoma,U698M_HAEMATOPOIETIC_AND_LYMPHOID_TISSUE,1.6480143
ACH-001702,SIDM01179,688121.0,VA-ES-BJ,Soft Tissue,Epithelioid Sarcoma,Epithelioid Sarcoma,VAESBJ_SOFT_TISSUE,3.56227
ACH-001703,SIDM00416,1331048.0,VAL,Lymphoid,Mature B-Cell Neoplasms,"Diffuse Large B-Cell Lymphoma, NOS",VAL_HAEMATOPOIETIC_AND_LYMPHOID_TISSUE,1.7476317
ACH-001704,SIDM00319,930301.0,VMRC-MELG,Skin,Melanoma,Melanoma,VMRCMELG_SKIN,3.159244
ACH-001709,SIDM00412,909785.0,WSU-NHL,Lymphoid,Mature B-Cell Neoplasms,"Diffuse Large B-Cell Lymphoma, NOS",WSUNHL_HAEMATOPOIETIC_AND_LYMPHOID_TISSUE,1.0014547
ACH-001711,SIDM01132,683667.0,PFSK-1,CNS/Brain,Embryonal Tumor,Primitive Neuroectodermal Tumor,PFSK1_CENTRAL_NERVOUS_SYSTEM,2.4455023
ACH-001715,SIDM00930,906827.0,CAL-72,Bone,Osteosarcoma,Osteosarcoma,CAL72_BONE,2.739001
ACH-001716,SIDM00544,906875.0,GOTO,Peripheral Nervous System,Neuroblastoma,Neuroblastoma,GOTO_AUTONOMIC_GANGLIA,2.81656
ACH-001819,SIDM00332,,MFM-223,Breast,Invasive Breast Carcinoma,Breast Invasive Ductal Carcinoma,MFM223_BREAST,3.7277498
ACH-001820,SIDM00954,,COLO 824,Breast,"Breast Neoplasm, NOS","Breast Neoplasm, NOS",COLO824_BREAST,2.7870739
ACH-001861,SIDM00252,,TGBC1TKB,Biliary Tract,Intracholecystic Papillary Neoplasm,Gallbladder Cancer,TGBC1TKB_BILIARY_TRACT,3.7153804
ACH-002020,SIDM00381,,SKG-IIIa,Cervix,Cervical Squamous Cell Carcinoma,Cervical Squamous Cell Carcinoma,SKGIIIA_CERVIX,3.5208762
ACH-002029,SIDM00351,,SAS,Head and Neck,Head and Neck Squamous Cell Carcinoma,Oral Cavity Squamous Cell Carcinoma,SAS_UPPER_AERODIGESTIVE_TRACT,2.2659397
ACH-002040,SIDM00291,,HMV-II,Vulva/Vagina,Mucosal Melanoma of the Vulva/Vagina,Mucosal Melanoma of the Vulva/Vagina,HMVII_SKIN,2.9385786
ACH-002043,SIDM00489,,Ca9-22,Head and Neck,Head and Neck Squamous Cell Carcinoma,Oral Cavity Squamous Cell Carcinoma,CA922_UPPER_AERODIGESTIVE_TRACT,2.6309094
ACH-002045,SIDM00591,,HO-1-u-1,Head and Neck,Head and Neck Squamous Cell Carcinoma,Oral Cavity Squamous Cell Carcinoma,HO1U1_UPPER_AERODIGESTIVE_TRACT,1.9430933
ACH-002051,SIDM00296,,Lu-134-A,Lung,Lung Neuroendocrine Tumor,Small Cell Lung Cancer,LU134A_LUNG,2.0013137
ACH-002052,SIDM00293,,Lu-139,Lung,Lung Neuroendocrine Tumor,Small Cell Lung Cancer,LU139_LUNG,3.0422623
ACH-002059,SIDM00364,,P30/OHK,Lymphoid,B-Lymphoblastic Leukemia/Lymphoma,B-Lymphoblastic Leukemia/Lymphoma,P30OHK_HAEMATOPOIETIC_AND_LYMPHOID_TISSUE,1.6118184
ACH-002062,SIDM00374,,SLVL,Lymphoid,Mature B-Cell Neoplasms,Splenic Marginal Zone Lymphoma,SLVL_HAEMATOPOIETIC_AND_LYMPHOID_TISSUE,2.101308
ACH-002067,SIDM00242,,NOS-1,Bone,Osteosarcoma,Osteosarcoma,NOS1_BONE,2.4734447
ACH-002077,SIDM00292,,Lu-165,Lung,Lung Neuroendocrine Tumor,Small Cell Lung Cancer,LU165_LUNG,4.779173
ACH-002170,SIDM00792,1298349.0,NCI-H1688,Lung,Lung Neuroendocrine Tumor,Small Cell Lung Cancer,NCIH1688_LUNG,3.0019653
ACH-002214,SIDM00896,910919.0,BC-1,Lymphoid,Mature B-Cell Neoplasms,Primary Effusion Lymphoma,BC1_HAEMATOPOIETIC_AND_LYMPHOID_TISSUE,1.2258389
ACH-002215,SIDM00895,910918.0,BC-3,Lymphoid,Mature B-Cell Neoplasms,Primary Effusion Lymphoma,BC3_PLEURA,1.3431666
ACH-002283,SIDM00254,949176.0,NB5,Peripheral Nervous System,Neuroblastoma,Neuroblastoma,NB5_AUTONOMIC_GANGLIA,2.7902875
ACH-002290,SIDM00576,908448.0,NKM-1,Myeloid,Acute Myeloid Leukemia,Acute Myeloid Leukemia,NKM1_HAEMATOPOIETIC_AND_LYMPHOID_TISSUE,1.1373832
ACH-002291,SIDM01203,908454.0,NTERA-2 cl.D1,Testis,Non-Seminomatous Germ Cell Tumor,Embryonal Carcinoma,NTERA2CLD1_TESTIS,2.08494
